20MICRONS,20 Microns ,EQ,06-Oct-08,5,1,INE144J01027,5
21STCENMGM,21st Century Management Services ,BE,12-Apr-00,10,1,INE253B01015,10
3IINFOTECH,3i Infotech ,EQ,22-Apr-05,10,1,INE748C01020,10
3MINDIA,3M India ,EQ,13-Aug-04,10,1,INE470A01017,10
5PAISA,5Paisa Capital ,EQ,16-Nov-17,10,1,INE618L01018,10
63MOONS,63 moons technologies ,EQ,20-Jun-05,2,1,INE111B01023,2
8KMILES,8K Miles Software Services ,EQ,29-Jan-14,5,1,INE650K01021,5
A2ZINFRA,A2Z Infra Engineering ,EQ,23-Dec-10,10,1,INE619I01012,10
AARTIDRUGS,Aarti Drugs ,EQ,19-Sep-03,10,1,INE767A01016,10
AARTIIND,Aarti Industries ,EQ,08-Feb-95,5,1,INE769A01020,5
AARVEEDEN,Aarvee Denims & Exports ,EQ,21-Nov-06,10,1,INE273D01019,10
ABAN,Aban Offshore ,EQ,29-Mar-95,2,1,INE421A01028,2
ABB,ABB India ,EQ,08-Feb-95,2,1,INE117A01022,2
ABBOTINDIA,Abbott India ,EQ,08-Jan-10,10,1,INE358A01014,10
ABCAPITAL,Aditya Birla Capital ,EQ,01-Sep-17,10,1,INE674K01013,10
ABFRL,Aditya Birla Fashion and Retail ,EQ,17-Jul-13,10,1,INE647O01011,10
ABGSHIP,ABG Shipyard ,BZ,11-Apr-07,10,1,INE067H01016,10
ABMINTLTD,ABM International ,BE,14-Jun-16,10,1,INE251C01017,10
ACC,ACC ,EQ,20-Nov-96,10,1,INE012A01025,10
ACCELYA,Accelya Kale Solutions ,EQ,01-Dec-99,10,1,INE793A01012,10
ACE,Action Construction Equipment ,EQ,26-Sep-06,2,1,INE731H01025,2
ADANIENT,Adani Enterprises ,EQ,04-Jun-97,1,1,INE423A01024,1
ADANIPORTS,Adani Ports and Special Economic Zone ,EQ,27-Nov-07,2,1,INE742F01042,2
ADANIPOWER,Adani Power ,EQ,20-Aug-09,10,1,INE814H01011,10
ADANITRANS,Adani Transmission ,EQ,31-Jul-15,10,1,INE931S01010,10
ADFFOODS,ADF Foods ,EQ,15-Sep-10,10,1,INE982B01019,10
ADHUNIK,Adhunik Metaliks ,EQ,05-Apr-06,10,1,INE400H01019,10
ADHUNIKIND,Adhunik Industries ,EQ,01-Jul-16,10,1,INE452L01012,10
ADLABS,Adlabs Entertainment ,EQ,06-Apr-15,10,1,INE172N01012,10
ADORWELD,Ador Welding ,EQ,10-May-95,10,1,INE045A01017,10
ADSL,Allied Digital Services ,EQ,25-Jul-07,5,1,INE102I01027,5
ADVANIHOTR,Advani Hotels & Resorts (India) ,EQ,25-Jun-07,2,1,INE199C01026,2
ADVENZYMES,Advanced Enzyme Technologies ,EQ,01-Aug-16,2,1,INE837H01020,2
AEGISCHEM,Aegis Logistics ,EQ,03-Apr-96,1,1,INE208C01025,1
AFL,Accel Frontline ,EQ,30-Oct-06,10,1,INE020G01017,10
AGARIND,Agarwal Industrial Corporation ,BE,26-May-14,10,1,INE204E01012,10
AGCNET,AGC Networks ,EQ,22-Jul-03,10,1,INE676A01019,10
AGLSL,Artemis Global Life Sciences ,EQ,20-Jul-17,2,1,INE517U01013,2
AGRITECH,Agri-Tech (India) ,EQ,28-Jan-14,10,1,INE449G01018,10
AHLEAST,Asian Hotels (East) ,BE,11-Aug-10,10,1,INE926K01017,10
AHLUCONT,Ahluwalia Contracts (India) ,EQ,14-Dec-09,2,1,INE758C01029,2
AHLWEST,Asian Hotels (West) ,EQ,05-Aug-10,10,1,INE915K01010,10
AIAENG,AIA Engineering ,EQ,14-Dec-05,2,1,INE212H01026,2
AICHAMP,AI Champdany Industries ,BE,14-Feb-07,5,1,INE768E01024,5
AIFL,Ashapura Intimates Fashion ,EQ,02-Dec-15,10,1,INE428O01016,10
AJANTPHARM,Ajanta Pharma ,EQ,29-May-00,2,1,INE031B01049,2
AJMERA,Ajmera Realty & Infra India ,EQ,16-Jun-09,10,1,INE298G01027,10
AKSHARCHEM,AksharChem India ,EQ,28-Mar-17,10,1,INE542B01011,10
AKSHOPTFBR,Aksh Optifibre ,EQ,18-Aug-00,5,1,INE523B01011,5
AKZOINDIA,Akzo Nobel India ,EQ,28-Jun-01,10,1,INE133A01011,10
ALANKIT,Alankit ,EQ,30-Jun-15,1,1,INE914E01040,1
ALBERTDAVD,Albert David ,BE,14-Jun-16,10,1,INE155C01010,10
ALBK,Allahabad Bank,EQ,29-Nov-02,10,1,INE428A01015,10
ALCHEM,Alchemist ,BE,31-Jul-07,10,1,INE964B01033,10
ALEMBICLTD,Alembic ,EQ,22-Sep-99,2,1,INE426A01027,2
ALICON,Alicon Castalloy ,EQ,29-Sep-06,5,1,INE062D01024,5
ALKALI,Alkali Metals ,EQ,06-Nov-08,10,1,INE773I01017,10
ALKEM,Alkem Laboratories ,EQ,23-Dec-15,2,1,INE540L01014,2
ALKYLAMINE,Alkyl Amines Chemicals ,EQ,26-Nov-07,5,1,INE150B01021,5
ALLCARGO,Allcargo Logistics ,EQ,23-Jun-06,2,1,INE418H01029,2
ALLSEC,Allsec Technologies ,EQ,09-May-05,10,1,INE835G01018,10
ALMONDZ,Almondz Global Securities ,EQ,16-Jun-08,6,1,INE326B01027,6
ALOKTEXT,Alok Industries ,EQ,10-Apr-96,10,1,INE270A01011,10
ALPA,Alpa Laboratories ,EQ,06-Aug-07,10,1,INE385I01010,10
ALPHAGEO,Alphageo (India) ,EQ,11-May-07,10,1,INE137C01018,10
ALPSINDUS,Alps Industries ,EQ,24-Apr-96,10,1,INE093B01015,10
AMARAJABAT,Amara Raja Batteries ,EQ,05-Sep-03,1,1,INE885A01032,1
AMBER,Amber Enterprises India ,EQ,30-Jan-18,10,1,INE371P01015,10
AMBIKCO,Ambika Cotton Mills ,EQ,29-Jan-08,10,1,INE540G01014,10
AMBUJACEM,Ambuja Cements ,EQ,18-Feb-98,2,1,INE079A01024,2
AMDIND,AMD Industries ,EQ,19-Mar-07,10,1,INE005I01014,10
AMJLAND,Amj Land Holdings ,EQ,08-Feb-95,2,1,INE606A01024,2
AMRUTANJAN,Amrutanjan Health Care ,EQ,02-Jan-15,2,1,INE098F01023,2
AMTEKAUTO,Amtek Auto ,EQ,02-Mar-05,2,1,INE130C01021,2
ANANTRAJ,Anant Raj ,EQ,27-Sep-06,2,1,INE242C01024,2
ANDHRABANK,Andhra Bank,EQ,04-Apr-01,10,1,INE434A01013,10
ANDHRACEMT,Andhra Cements ,EQ,08-Nov-10,10,1,INE666E01012,10
ANDHRSUGAR,The Andhra Sugars ,EQ,01-Nov-95,10,1,INE715B01013,10
ANGIND,ANG Industries ,EQ,12-Feb-07,10,1,INE017D01010,10
ANIKINDS,Anik Industries ,EQ,21-May-08,10,1,INE087B01017,10
ANSALAPI,Ansal Properties & Infrastructure ,EQ,27-Jan-06,5,1,INE436A01026,5
ANSALHSG,Ansal Housing and Construction ,EQ,06-Oct-06,10,1,INE880B01015,10
ANTGRAPHIC,Antarctica ,BE,14-Jun-00,1,1,INE414B01021,1
APARINDS,Apar Industries ,EQ,12-Jul-04,10,1,INE372A01015,10
APCL,Anjani Portland Cement ,EQ,10-Apr-17,10,1,INE071F01012,10
APCOTEXIND,Apcotex Industries ,EQ,06-Sep-95,5,1,INE116A01024,5
APEX,Apex Frozen Foods ,EQ,04-Sep-17,10,1,INE346W01013,10
APLAPOLLO,APL Apollo Tubes ,EQ,14-Dec-11,10,1,INE702C01019,10
APLLTD,Alembic Pharmaceuticals ,EQ,20-Sep-11,2,1,INE901L01018,2
APOLLO,Apollo Micro Systems ,EQ,22-Jan-18,10,1,INE713T01010,10
APOLLOHOSP,Apollo Hospitals Enterprise ,EQ,10-Jan-96,5,1,INE437A01024,5
APOLLOTYRE,Apollo Tyres ,EQ,31-May-95,1,1,INE438A01022,1
APOLSINHOT,Apollo Sindoori Hotels ,EQ,28-Jan-15,10,1,INE451F01016,10
APTECHT,Aptech ,EQ,27-Sep-02,10,1,INE266F01018,10
ARCHIDPLY,Archidply Industries ,EQ,04-Jul-08,10,1,INE877I01016,10
ARCHIES,Archies ,EQ,02-Sep-98,2,1,INE731A01020,2
ARCOTECH,Arcotech ,EQ,16-Apr-14,2,1,INE574I01035,2
ARENTERP,Rajdarshan Industries ,EQ,18-Oct-95,10,100,INE610C01014,10
ARIES,Aries Agro ,EQ,11-Jan-08,10,1,INE298I01015,10
ARIHANT,Arihant Foundations & Housing ,BE,26-Dec-06,10,1,INE413D01011,10
ARIHANTSUP,Arihant Superstructures ,EQ,28-Mar-17,10,1,INE643K01018,10
ARMANFIN,Arman Financial Services ,EQ,14-Jun-16,10,1,INE109C01017,10
AROGRANITE,Aro Granite Industries ,EQ,24-Apr-07,10,1,INE210C01013,10
ARROWGREEN,Arrow Greentech ,EQ,21-May-15,10,1,INE570D01018,10
ARROWTEX,Arrow Textiles ,EQ,11-May-09,10,1,INE933J01015,10
ARSHIYA,Arshiya ,EQ,14-Dec-09,2,1,INE968D01022,2
ARSSINFRA,ARSS Infrastructure Projects ,BE,03-Mar-10,10,1,INE267I01010,10
ARVIND,Arvind ,EQ,08-Feb-95,10,1,INE034A01011,10
ARVSMART,Arvind SmartSpaces ,EQ,26-Aug-15,10,1,INE034S01021,10
ASAHIINDIA,Asahi India Glass ,EQ,18-Mar-98,1,1,INE439A01020,1
ASAHISONG,Asahi Songwon Colors ,EQ,29-Aug-11,10,1,INE228I01012,10
ASAL,Automotive Stampings and Assemblies ,EQ,12-Mar-02,10,1,INE900C01027,10
ASHAPURMIN,Ashapura Minechem ,EQ,20-Sep-95,2,1,INE348A01023,2
ASHIANA,Ashiana Housing ,EQ,29-Jun-11,2,1,INE365D01021,2
ASHIMASYN,Ashima ,EQ,27-Jul-95,10,1,INE440A01010,10
ASHOKA,Ashoka Buildcon ,EQ,14-Oct-10,5,1,INE442H01029,5
ASHOKLEY,Ashok Leyland ,EQ,25-May-95,1,1,INE208A01029,1
ASIANHOTNR,Asian Hotels (North) ,BE,07-Apr-10,10,1,INE363A01022,10
ASIANPAINT,Asian Paints ,EQ,31-May-95,1,1,INE021A01026,1
ASIANTILES,Asian Granito India ,EQ,23-Aug-07,10,1,INE022I01019,10
ASPINWALL,Aspinwall and Company ,EQ,14-Jun-16,10,1,INE991I01015,10
ASSAMCO,Assam Company India ,EQ,29-Sep-06,1,1,INE442A01024,1
ASTEC,Astec LifeSciences ,EQ,25-Nov-09,10,1,INE563J01010,10
ASTRAL,Astral Poly Technik ,EQ,20-Mar-07,1,1,INE006I01046,1
ASTRAMICRO,Astra Microwave Products ,EQ,01-Nov-04,2,1,INE386C01029,2
ASTRAZEN,AstraZeneca Pharma India ,EQ,04-May-01,2,1,INE203A01020,2
ASTRON,Astron Paper & Board Mill ,EQ,29-Dec-17,10,1,INE646X01014,10
ATFL,Agro Tech Foods ,EQ,06-Dec-02,10,1,INE209A01019,10
ATLANTA,Atlanta  ,EQ,25-Sep-06,2,1,INE285H01022,2
ATLASCYCLE,Atlas Cycles (Haryana) ,BE,26-Apr-00,5,1,INE446A01025,5
ATUL,Atul ,EQ,06-May-98,10,1,INE100A01010,10
ATULAUTO,Atul Auto ,EQ,26-Jun-13,5,1,INE951D01028,5
AUBANK,AU Small Finance Bank ,EQ,10-Jul-17,10,1,INE949L01017,10
AURIONPRO,Aurionpro Solutions ,EQ,25-Oct-05,10,1,INE132H01018,10
AUROPHARMA,Aurobindo Pharma ,EQ,19-Jul-00,1,1,INE406A01037,1
AUSOMENT,Ausom Enterprise ,EQ,17-Apr-96,10,1,INE218C01016,10
AUTOAXLES,Automotive Axles ,EQ,29-May-03,10,1,INE449A01011,10
AUTOIND,Autoline Industries ,EQ,31-Jan-07,10,1,INE718H01014,10
AUTOLITIND,Autolite (India) ,EQ,31-May-95,10,1,INE448A01013,10
AVADHSUGAR,Avadh Sugar & Energy ,EQ,28-Jul-17,10,1,INE349W01017,10
AVANTIFEED,Avanti Feeds ,EQ,15-Apr-15,2,1,INE871C01020,2
AVTNPL,AVT Natural Products ,EQ,10-Jan-07,1,1,INE488D01021,1
AXISBANK,Axis Bank ,EQ,16-Nov-98,2,1,INE238A01034,2
AXISCADES,AXISCADES Engineering Technologies ,EQ,21-Dec-00,5,1,INE555B01013,5
AYMSYNTEX,AYM Syntex ,EQ,14-Aug-15,10,1,INE193B01039,10
BAFNAPHARM,Bafna Pharmaceuticals ,EQ,12-Nov-12,10,1,INE878I01014,10
BAGFILMS,B.A.G Films and Media ,EQ,17-Oct-03,2,1,INE116D01028,2
BAJAJ-AUTO,Bajaj Auto ,EQ,26-May-08,10,1,INE917I01010,10
BAJAJCORP,Bajaj Corp ,EQ,18-Aug-10,1,1,INE933K01021,1
BAJAJELEC,Bajaj Electricals ,EQ,02-Nov-07,2,1,INE193E01025,2
BAJAJFINSV,Bajaj Finserv ,EQ,26-May-08,5,1,INE918I01018,5
BAJAJHIND,Bajaj Hindusthan Sugar ,EQ,10-May-95,1,1,INE306A01021,1
BAJAJHLDNG,Bajaj Holdings & Investment ,EQ,15-Mar-95,10,1,INE118A01012,10
BAJFINANCE,Bajaj Finance ,EQ,01-Apr-03,2,1,INE296A01024,2
BALAJITELE,Balaji Telefilms ,EQ,22-Nov-00,2,1,INE794B01026,2
BALAMINES,Balaji Amines ,EQ,05-Apr-07,2,1,INE050E01027,2
BALAXI,Balaxi Ventures ,BE,30-Nov-15,10,1,INE618N01014,10
BALKRISHNA,Balkrishna Paper Mills ,EQ,28-Jul-15,10,1,INE875R01011,10
BALKRISIND,Balkrishna Industries ,EQ,27-Jan-06,2,1,INE787D01026,2
BALLARPUR,Ballarpur Industries ,EQ,31-Mar-08,2,1,INE294A01037,2
BALMLAWRIE,Balmer Lawrie & Company ,EQ,06-Jul-95,10,1,INE164A01016,10
BALPHARMA,Bal Pharma ,EQ,08-May-06,10,1,INE083D01012,10
BALRAMCHIN,Balrampur Chini Mills ,EQ,08-Feb-95,1,1,INE119A01028,1
BANARBEADS,Banaras Beads ,EQ,07-Jul-95,10,100,INE655B01011,10
BANARISUG,Bannari Amman Sugars ,EQ,28-May-03,10,1,INE459A01010,10
BANCOINDIA,Banco Products (I) ,EQ,22-Dec-06,2,1,INE213C01025,2
BANG,Bang Overseas ,EQ,20-Feb-08,10,1,INE863I01016,10
BANKBARODA,Bank of Baroda,EQ,19-Feb-97,2,1,INE028A01039,2
BANKINDIA,Bank of India,EQ,30-Apr-97,10,1,INE084A01016,10
BANSWRAS,Banswara Syntex ,EQ,11-Apr-07,10,1,INE629D01012,10
BARTRONICS,Bartronics India ,EQ,12-Jan-06,10,1,INE855F01034,10
BASF,BASF India ,EQ,17-May-95,10,1,INE373A01013,10
BASML,Bannari Amman Spinning Mills ,EQ,14-Nov-05,10,1,INE186H01014,10
BATAINDIA,Bata India ,EQ,18-Jun-03,5,1,INE176A01028,5
BAYERCROP,Bayer Cropscience ,EQ,08-Jan-10,10,1,INE462A01022,10
BBL,Bharat Bijlee ,EQ,21-Nov-06,10,1,INE464A01028,10
BBTC,Bombay Burmah Trading Corporation ,EQ,03-Apr-96,2,1,INE050A01025,2
BEARDSELL,Beardsell ,EQ,13-Jan-15,2,1,INE520H01022,2
BEDMUTHA,Bedmutha Industries ,EQ,14-Oct-10,10,1,INE844K01012,10
BEL,Bharat Electronics ,EQ,19-Jul-00,1,1,INE263A01024,1
BEML,BEML ,EQ,05-Nov-03,10,1,INE258A01016,10
BEPL,Bhansali Engineering Polymers ,EQ,21-Mar-05,1,1,INE922A01025,1
BERGEPAINT,Berger Paints (I) ,EQ,24-Nov-99,1,1,INE463A01038,1
BFINVEST,BF Investment ,EQ,14-Jan-11,5,1,INE878K01010,5
BFUTILITIE,BF Utilities ,EQ,03-May-07,5,1,INE243D01012,5
BGLOBAL,Bharatiya Global Infomedia ,BE,28-Jul-11,10,1,INE224M01013,10
BGRENERGY,BGR Energy Systems ,EQ,03-Jan-08,10,1,INE661I01014,10
BHAGERIA,Bhageria Industries ,EQ,02-Mar-16,5,1,INE354C01027,5
BHAGYANGR,Bhagyanagar India ,EQ,17-May-17,2,1,INE458B01036,2
BHAGYAPROP,Bhagyanagar Properties ,EQ,20-Jul-17,2,1,INE363W01018,2
BHANDARI,Bhandari Hosiery Exports ,EQ,30-Jan-17,1,1,INE474E01029,1
BHARATFIN,Bharat Financial Inclusion ,EQ,16-Aug-10,10,1,INE180K01011,10
BHARATFORG,Bharat Forge ,EQ,04-Apr-03,2,1,INE465A01025,2
BHARATGEAR,Bharat Gears ,EQ,03-Apr-96,10,1,INE561C01019,10
BHARATIDIL,Bharati Defence and Infrastructure ,BZ,30-Dec-04,10,1,INE673G01013,10
BHARATRAS,Bharat Rasayan ,EQ,11-Oct-95,10,1,INE838B01013,10
BHARATWIRE,Bharat Wire Ropes ,EQ,01-Apr-16,10,1,INE316L01019,10
BHARTIARTL,Bharti Airtel ,EQ,15-Feb-02,5,1,INE397D01024,5
BHEL,Bharat Heavy Electricals ,EQ,11-Nov-03,2,1,INE257A01026,2
BHUSANSTL,Bhushan Steel ,EQ,21-Nov-03,2,1,INE824B01021,2
BIGBLOC,Bigbloc Construction ,EQ,02-Sep-16,10,1,INE412U01017,10
BIL,Bhartiya International ,EQ,12-Apr-00,10,1,INE828A01016,10
BILENERGY,Bil Energy Systems ,EQ,15-Feb-11,1,1,INE607L01029,1
BILPOWER,Bilpower  ,EQ,29-Jan-07,10,1,INE952D01018,10
BINANIIND,Binani Industries ,EQ,27-Sep-06,10,1,INE071A01013,10
BINDALAGRO,Oswal Chemicals & Fertilizers ,EQ,28-Aug-96,10,1,INE143A01010,10
BIOCON,Biocon ,EQ,07-Apr-04,5,1,INE376G01013,5
BIOFILCHEM,Biofil Chemicals & Pharmaceuticals ,BE,19-Apr-00,10,1,INE829A01014,10
BIRLACABLE,Birla Cable ,EQ,06-Dec-95,10,1,INE800A01015,10
BIRLACORPN,Birla Corporation ,EQ,12-Apr-95,10,1,INE340A01012,10
BIRLAMONEY,Aditya Birla Money ,EQ,07-Feb-08,1,1,INE865C01022,1
BKMINDST,Bkm Industries ,EQ,30-Mar-15,1,1,INE831Q01016,1
BLB,BLB ,EQ,31-May-00,1,1,INE791A01024,1
BLISSGVS,Bliss GVS Pharma ,EQ,26-Jul-10,1,1,INE416D01022,1
BLKASHYAP,B. L. Kashyap and Sons ,EQ,17-Mar-06,1,1,INE350H01032,1
BLS,BLS International Services ,EQ,14-Jun-16,1,1,INE153T01027,1
BLUEBLENDS,Blue Blends (I) ,EQ,08-Feb-95,10,1,INE113O01014,10
BLUECHIP,Blue Chip India ,BE,06-Sep-00,2,1,INE657B01025,2
BLUECOAST,Blue Coast Hotels ,EQ,16-Feb-00,10,1,INE472B01011,10
BLUEDART,Blue Dart Express ,EQ,12-Dec-02,10,1,INE233B01017,10
BLUESTARCO,Blue Star ,EQ,15-Jun-00,2,1,INE472A01039,2
BODALCHEM,Bodal Chemicals ,EQ,22-Aug-11,2,1,INE338D01028,2
BOMDYEING,Bombay Dyeing & Mfg Company ,EQ,26-Apr-95,2,1,INE032A01023,2
BOSCHLTD,Bosch ,EQ,12-May-03,10,1,INE323A01026,10
BPCL,Bharat Petroleum Corporation ,EQ,13-Sep-95,10,1,INE029A01011,10
BPL,BPL ,EQ,14-Jun-95,10,1,INE110A01019,10
BRFL,Bombay Rayon Fashions ,EQ,05-Dec-05,10,1,INE589G01011,10
BRIGADE,Brigade Enterprises ,EQ,31-Dec-07,10,1,INE791I01019,10
BRITANNIA,Britannia Industries ,EQ,05-Nov-98,2,1,INE216A01022,2
BRNL,Bharat Road Network ,EQ,18-Sep-17,10,1,INE727S01012,10
BROOKS,Brooks Laboratories ,EQ,05-Sep-11,10,1,INE650L01011,10
BSE,BSE ,EQ,03-Feb-17,2,1,INE118H01025,2
BSELINFRA,BSEL Infrastructure Realty ,EQ,07-Feb-01,10,1,INE395A01016,10
BSL,BSL ,EQ,27-Jul-95,10,1,INE594B01012,10
BS,BS ,EQ,27-Oct-10,1,1,INE043K01029,1
BURNPUR,Burnpur Cement ,EQ,03-Jan-08,10,1,INE817H01014,10
BUTTERFLY,Butterfly Gandhimathi Appliances ,EQ,28-Apr-14,10,1,INE295F01017,10
BVCL,Barak Valley Cements ,BE,23-Nov-07,10,1,INE139I01011,10
BYKE,The Byke Hospitality Ltd,EQ,15-Apr-15,10,1,INE319B01014,10
CADILAHC,Cadila Healthcare ,EQ,18-Apr-00,1,1,INE010B01027,1
CALSOFT,California Software Company ,BZ,28-Jun-00,10,1,INE526B01014,10
CALSOFT,California Software Company ,EQ,28-Jun-00,10,1,INE526B01014,10
CAMLINFINE,Camlin Fine Sciences ,EQ,20-Jan-15,1,1,INE052I01032,1
CANBK,Canara Bank,EQ,23-Dec-02,10,1,INE476A01014,10
CANDC,C & C Constructions ,EQ,26-Feb-07,10,1,INE874H01015,10
CANFINHOME,Can Fin Homes ,EQ,10-May-95,2,1,INE477A01020,2
CANTABIL,Cantabil Retail India ,EQ,12-Oct-10,10,1,INE068L01016,10
CAPACITE,Capacit'e Infraprojects ,EQ,25-Sep-17,10,1,INE264T01014,10
CAPF,Capital First ,EQ,01-Feb-08,10,1,INE688I01017,10
CAPLIPOINT,Caplin Point Laboratories ,EQ,23-Jun-14,2,1,INE475E01026,2
CAPTRUST,Capital Trust ,EQ,16-Jan-17,10,1,INE707C01018,10
CARBORUNIV,Carborundum Universal ,EQ,03-Apr-96,1,1,INE120A01034,1
CAREERP,Career Point ,EQ,06-Oct-10,10,1,INE521J01018,10
CARERATING,CARE Ratings ,EQ,26-Dec-12,10,1,INE752H01013,10
CASTEXTECH,Castex Technologies ,EQ,27-Jun-05,2,1,INE068D01021,2
CASTROLIND,Castrol India ,EQ,14-Mar-14,5,1,INE172A01027,5
CCCL,Consolidated Construction Consortium ,EQ,15-Oct-07,2,1,INE429I01024,2
CCHHL,Country Club Hospitality & Holidays ,EQ,03-Feb-15,2,1,INE652F01027,2
CCL,CCL Products (India) ,EQ,07-Jun-04,2,1,INE421D01022,2
CDSL,Central Depository Services (India) ,EQ,30-Jun-17,10,1,INE736A01011,10
CEATLTD,CEAT ,EQ,01-Feb-08,10,1,INE482A01020,10
CEBBCO,Commercial Engineers & Body Builders Co ,EQ,18-Oct-10,10,1,INE209L01016,10
CELEBRITY,Celebrity Fashions ,EQ,12-Jan-06,10,1,INE185H01016,10
CELESTIAL,Celestial Biolabs ,EQ,17-Jul-07,10,1,INE221I01017,10
CENTENKA,Century Enka ,EQ,10-May-95,10,1,INE485A01015,10
CENTEXT,Century Extrusions ,EQ,20-Jul-04,1,1,INE281A01026,1
CENTRALBK,Central Bank of India,EQ,21-Aug-07,10,1,INE483A01010,10
CENTUM,Centum Electronics ,EQ,05-Oct-07,10,1,INE320B01020,10
CENTURYPLY,Century Plyboards (India) ,EQ,23-Mar-06,1,1,INE348B01021,1
CENTURYTEX,Century Textiles & Industries ,EQ,27-Jun-03,10,1,INE055A01016,10
CERA,Cera Sanitaryware ,EQ,02-Nov-07,5,1,INE739E01017,5
CEREBRAINT,Cerebra Integrated Technologies ,EQ,26-Jun-13,10,1,INE345B01019,10
CESC,CESC ,EQ,08-Feb-95,10,1,INE486A01013,10
CGCL,Capri Global Capital ,EQ,29-Oct-10,2,1,INE180C01026,2
CGPOWER,CG Power and Industrial Solutions ,EQ,01-Mar-95,2,1,INE067A01029,2
CHAMBLFERT,Chambal Fertilizers & Chemicals ,EQ,14-Jun-95,10,1,INE085A01013,10
CHENNPETRO,Chennai Petroleum Corporation ,EQ,07-Jun-00,10,1,INE178A01016,10
CHOLAFIN,Cholamandalam Investment and Finance Company ,EQ,15-May-96,10,1,INE121A01016,10
CHROMATIC,Chromatic India ,EQ,29-May-12,10,1,INE662C01015,10
CIGNITITEC,Cigniti Technologies ,BE,13-Oct-14,10,1,INE675C01017,10
CIMMCO,Cimmco ,EQ,08-Sep-11,10,1,INE184C01028,10
CINELINE,Cineline India ,EQ,13-Jun-12,5,1,INE704H01022,5
CINEVISTA,Cinevista ,EQ,02-May-00,2,1,INE039B01026,2
CIPLA,Cipla ,EQ,08-Feb-95,2,1,INE059A01026,2
CLEDUCATE,CL Educate ,EQ,31-Mar-17,10,1,INE201M01011,10
CLNINDIA,Clariant Chemicals (India) ,EQ,14-Jun-95,10,1,INE492A01029,10
CMICABLES,CMI ,EQ,29-Nov-16,10,1,INE981B01011,10
CNOVAPETRO,CIL Nova Petrochemicals ,EQ,01-Jan-14,10,1,INE672K01025,10
COALINDIA,Coal India ,EQ,04-Nov-10,10,1,INE522F01014,10
COCHINSHIP,Cochin Shipyard ,EQ,11-Aug-17,10,1,INE704P01017,10
COFFEEDAY,Coffee Day Enterprises ,EQ,02-Nov-15,10,1,INE335K01011,10
COLPAL,Colgate Palmolive (India) ,EQ,17-Dec-07,1,1,INE259A01022,1
COMPINFO,Compuage Infocom ,EQ,07-Jul-16,2,1,INE070C01037,2
COMPUSOFT,Compucom Software ,EQ,02-Mar-12,2,1,INE453B01029,2
CONCOR,Container Corporation of India ,EQ,07-May-97,10,1,INE111A01017,10
CONSOFINVT,Consolidated Finvest & Holdings ,EQ,29-Mar-05,10,1,INE025A01027,10
CONTROLPR,Control Print ,EQ,24-Jun-16,10,1,INE663B01015,10
CORALFINAC,Coral India Finance & Housing ,EQ,25-Mar-96,2,100,INE558D01021,2
CORDSCABLE,Cords Cable Industries ,EQ,13-Feb-08,10,1,INE792I01017,10
COROMANDEL,Coromandel International ,EQ,31-May-95,1,1,INE169A01031,1
CORPBANK,Corporation Bank,EQ,01-Dec-97,2,1,INE112A01023,2
COSMOFILMS,Cosmo Films ,EQ,25-May-95,10,1,INE757A01017,10
COUNCODOS,Country Condo's ,EQ,22-Jan-09,1,1,INE695B01025,1
COX&KINGS,Cox & Kings ,EQ,11-Dec-09,5,1,INE008I01026,5
CREATIVEYE,Creative Eye ,EQ,20-Dec-00,5,1,INE230B01021,5
CREST,Crest Ventures ,EQ,27-Dec-06,10,1,INE559D01011,10
CRISIL,CRISIL ,EQ,28-Jun-95,1,1,INE007A01025,1
CROMPTON,Crompton Greaves Consumer Electricals ,EQ,13-May-16,2,1,INE299U01018,2
CTE,Cambridge Technology Enterprises ,EQ,07-Feb-07,10,1,INE627H01017,10
CUB,City Union Bank ,EQ,25-Aug-98,1,1,INE491A01021,1
CUBEXTUB,Cubex Tubings ,BE,11-Apr-01,10,1,INE144D01012,10
CUMMINSIND,Cummins India ,EQ,29-Mar-95,2,1,INE298A01020,2
CUPID,Cupid ,EQ,16-Sep-16,10,1,INE509F01011,10
CURATECH,Cura Technologies ,BE,07-Jun-00,10,1,INE117B01012,10
CYBERMEDIA,Cyber Media (India) ,BE,10-Jun-05,10,1,INE278G01037,10
CYBERTECH,Cybertech Systems And Software ,EQ,27-Jan-99,10,1,INE214A01019,10
CYIENT,Cyient ,EQ,30-Sep-98,5,1,INE136B01020,5
DAAWAT,LT Foods ,EQ,18-Dec-06,1,1,INE818H01020,1
DABUR,Dabur India ,EQ,28-Apr-99,1,1,INE016A01026,1
DALMIABHA,Dalmia Bharat ,EQ,27-Jan-11,2,1,INE439L01019,2
DALMIASUG,Dalmia Bharat Sugar and Industries ,EQ,17-Jan-96,2,1,INE495A01022,2
DAMODARIND,Damodar Industries ,EQ,04-Jul-16,10,1,INE497D01014,10
DATAMATICS,Datamatics Global Services ,EQ,07-May-04,5,1,INE365B01017,5
DBCORP,D.B.Corp ,EQ,06-Jan-10,10,1,INE950I01011,10
DBL,Dilip Buildcon ,EQ,11-Aug-16,10,1,INE917M01012,10
DBREALTY,D B Realty ,EQ,24-Feb-10,10,1,INE879I01012,10
DBSTOCKBRO,DB (International) Stock Brokers ,EQ,29-Feb-12,2,1,INE921B01025,2
DCAL,Dishman Carbogen Amcis ,EQ,21-Sep-17,2,1,INE385W01011,2
DCBBANK,DCB Bank ,EQ,27-Oct-06,10,1,INE503A01015,10
DCM,DCM  ,EQ,29-Mar-95,10,1,INE498A01018,10
DCMSHRIRAM,DCM Shriram ,EQ,12-Apr-95,2,1,INE499A01024,2
DCW,DCW ,EQ,25-May-95,2,1,INE500A01029,2
DECCANCE,Deccan Cements ,EQ,02-Aug-07,5,1,INE583C01021,5
DEEPAKFERT,Deepak Fertilizers and Petrochemicals Corporation ,EQ,17-Jan-03,10,1,INE501A01019,10
DEEPAKNTR,Deepak Nitrite ,EQ,29-Sep-10,2,1,INE288B01029,2
DEEPIND,Deep Industries ,EQ,09-Mar-10,10,1,INE677H01012,10
DELTACORP,Delta Corp ,EQ,02-Nov-07,1,1,INE124G01033,1
DELTAMAGNT,Delta Magnets ,BE,19-Apr-00,10,1,INE393A01011,10
DEN,Den Networks ,EQ,24-Nov-09,10,1,INE947J01015,10
DENABANK,Dena Bank,EQ,15-Jan-97,10,1,INE077A01010,10
DENORA,De Nora India ,EQ,07-Aug-97,10,1,INE244A01016,10
DFMFOODS,DFM Foods ,EQ,29-Dec-16,10,1,INE456C01012,10
DHAMPURSUG,Dhampur Sugar Mills ,EQ,29-Mar-95,10,1,INE041A01016,10
DHANBANK,Dhanlaxmi Bank ,EQ,01-Apr-04,10,1,INE680A01011,10
DHANUKA,Dhanuka Agritech ,EQ,29-Jun-11,2,1,INE435G01025,2
DHARSUGAR,Dharani Sugars & Chemicals ,EQ,22-May-96,10,1,INE988C01014,10
DHFL,Dewan Housing Finance Corporation ,EQ,01-Oct-02,10,1,INE202B01012,10
DHUNINV,Dhunseri Investments ,EQ,18-Mar-11,10,1,INE320L01011,10
DIAMONDYD,Prataap Snacks ,EQ,05-Oct-17,5,1,INE393P01035,5
DIAPOWER,Diamond Power Infra Ltd,EQ,29-Sep-10,10,1,INE989C01012,10
DICIND,DIC India ,EQ,30-Aug-95,10,1,INE303A01010,10
DIGJAMLTD,Digjam ,EQ,13-Jul-16,10,1,INE731U01010,10
DISHTV,Dish TV India ,EQ,18-Apr-07,1,1,INE836F01026,1
DIVISLAB,Divi's Laboratories ,EQ,12-Mar-03,2,1,INE361B01024,2
DIXON,Dixon Technologies (India) ,EQ,18-Sep-17,10,1,INE935N01012,10
DLF,DLF ,EQ,05-Jul-07,2,1,INE271C01023,2
DLINKINDIA,D-Link (India) ,EQ,18-Dec-09,2,1,INE250K01012,2
DMART,Avenue Supermarts ,EQ,21-Mar-17,10,1,INE192R01011,10
DNAMEDIA,Diligent Media Corporation ,EQ,11-Dec-17,1,1,INE016M01021,1
DOLLAR,Dollar Industries ,EQ,21-Apr-17,2,1,INE325C01035,2
DOLPHINOFF,Dolphin Offshore Enterprises (India) ,EQ,06-Oct-06,10,1,INE920A01011,10
DONEAR,Donear Industries ,EQ,20-Dec-06,2,1,INE668D01028,2
DPL,Dhunseri Petrochem ,EQ,11-Jan-08,10,1,INE477B01010,10
DPSCLTD,DPSC ,EQ,21-Apr-08,1,1,INE360C01024,1
DQE,DQ Entertainment (International) ,EQ,20-Jun-11,10,1,INE656K01010,10
DREDGECORP,Dredging Corporation of India ,EQ,15-Jan-04,10,1,INE506A01018,10
DRREDDY,Dr. Reddy's Laboratories ,EQ,30-May-03,5,1,INE089A01023,5
DSKULKARNI,DS Kulkarni Developers ,EQ,08-Feb-95,10,1,INE891A01014,10
DSSL,Dynacons Systems & Solutions ,EQ,01-Dec-11,10,1,INE417B01040,10
DTIL,Dhunseri Tea & Industries ,EQ,20-Jan-15,10,1,INE341R01014,10
DUCON,Ducon Infratechnologies ,EQ,09-Oct-12,1,1,INE741L01018,1
DWARKESH,Dwarikesh Sugar Industries ,EQ,31-Dec-04,1,1,INE366A01041,1
DYNAMATECH,Dynamatic Technologies ,EQ,14-Sep-06,10,1,INE221B01012,10
DYNPRO,Dynemic Products ,EQ,19-Jul-17,10,1,INE256H01015,10
EASTSILK,Eastern Silk Industries ,EQ,03-Jul-96,2,1,INE962C01027,2
EASUNREYRL,Easun Reyrolle ,EQ,23-Jul-97,2,1,INE268C01029,2
ECEIND,ECE Industries ,EQ,24-Sep-07,10,1,INE588B01014,10
ECLERX,eClerx Services ,EQ,31-Dec-07,10,1,INE738I01010,10
EDELWEISS,Edelweiss Financial Services ,EQ,12-Dec-07,1,1,INE532F01054,1
EDL,Empee Distilleries ,BE,26-Nov-07,10,1,INE180G01019,10
EDUCOMP,Educomp Solutions ,BZ,13-Jan-06,2,1,INE216H01027,2
EICHERMOT,Eicher Motors ,EQ,07-Sep-04,10,1,INE066A01013,10
EIDPARRY,EID Parry India ,EQ,10-May-95,1,1,INE126A01031,1
EIHAHOTELS,EIH Associated Hotels ,EQ,08-Apr-08,10,1,INE276C01014,10
EIHOTEL,EIH ,EQ,08-Feb-95,2,1,INE230A01023,2
EIMCOELECO,Eimco Elecon (India) ,EQ,17-Apr-96,10,1,INE158B01016,10
EKC,Everest Kanto Cylinder ,EQ,15-Dec-05,2,1,INE184H01027,2
ELAND,E-Land Apparel ,EQ,09-Mar-07,10,1,INE311H01018,10
ELECON,Elecon Engineering Company ,EQ,29-Sep-06,2,1,INE205B01023,2
ELECTCAST,Electrosteel Castings ,EQ,20-Jun-03,1,1,INE086A01029,1
ELECTHERM,Electrotherm (India) ,EQ,20-Aug-07,10,1,INE822G01016,10
ELGIEQUIP,Elgi Equipments ,EQ,22-Nov-95,1,1,INE285A01027,1
ELGIRUBCO,Elgi Rubber Company ,EQ,10-Aug-11,1,1,INE819L01012,1
EMAMIINFRA,Emami Infrastructure ,EQ,28-Jul-10,2,1,INE778K01012,2
EMAMILTD,Emami ,EQ,03-Aug-06,1,1,INE548C01032,1
EMCO,Emco ,EQ,15-Dec-05,2,1,INE078A01026,2
EMKAY,Emkay Global Financial Services ,EQ,28-Apr-06,10,1,INE296H01011,10
EMMBI,Emmbi Industries ,EQ,24-Feb-10,10,1,INE753K01015,10
ENDURANCE,Endurance Technologies ,EQ,19-Oct-16,10,1,INE913H01037,10
ENERGYDEV,Energy Development Company ,EQ,02-Nov-07,10,1,INE306C01019,10
ENGINERSIN,Engineers India ,EQ,20-Aug-97,5,1,INE510A01028,5
ENIL,Entertainment Network (India) ,EQ,15-Feb-06,10,1,INE265F01028,10
EON,Eon Electric ,EQ,07-Jun-12,5,1,INE076H01025,5
EQUITAS,Equitas Holdings ,EQ,21-Apr-16,10,1,INE988K01017,10
EQUITAS,Equitas Holdings ,IL,21-Apr-16,10,1,INE988K01017,10
ERIS,Eris Lifesciences ,EQ,29-Jun-17,1,1,INE406M01024,1
EROSMEDIA,Eros International Media ,EQ,06-Oct-10,10,1,INE416L01017,10
ESABINDIA,Esab India ,EQ,01-Nov-95,10,1,INE284A01012,10
ESCORTS,Escorts ,EQ,01-Mar-95,10,1,INE042A01014,10
ESL,Electrosteel Steels ,EQ,08-Oct-10,10,1,INE481K01013,10
ESSARSHPNG,Essar Shipping ,EQ,15-Nov-11,10,1,INE122M01019,10
ESSDEE,Ess Dee Aluminium ,BE,28-Dec-06,10,1,INE825H01017,10
ESSELPACK,Essel Propack ,EQ,11-Feb-02,2,1,INE255A01020,2
ESTER,Ester Industries ,EQ,20-Jun-11,5,1,INE778B01029,5
EUROCERA,Euro Ceramics ,EQ,09-Mar-07,10,1,INE649H01011,10
EUROMULTI,Euro Multivision ,EQ,15-Oct-09,10,1,INE063J01011,10
EUROTEXIND,Eurotex Industries and Exports ,EQ,31-Jan-96,10,1,INE022C01012,10
EVEREADY,Eveready Industries India ,EQ,27-Apr-05,5,1,INE128A01029,5
EVERESTIND,Everest Industries ,EQ,29-Mar-95,10,1,INE295A01018,10
EXCEL,Excel Realty N Infra ,EQ,03-Aug-09,10,1,INE688J01015,10
EXCELCROP,Excel Crop Care ,EQ,16-Jun-04,5,1,INE223G01017,5
EXCELINDUS,Excel Industries ,EQ,16-Jun-04,5,1,INE369A01029,5
EXIDEIND,Exide Industries ,EQ,17-Jun-03,1,1,INE302A01020,1
FACT,Fertilizers and Chemicals Travancore ,EQ,12-Apr-95,10,1,INE188A01015,10
FAIRCHEM,Fairchem Speciality ,EQ,08-May-15,10,1,INE959A01019,10
FCL,Fineotex Chemical ,EQ,15-Jan-15,2,1,INE045J01026,2
FCONSUMER,Future Consumer ,EQ,04-Jul-13,6,1,INE220J01025,6
FCSSOFT,FCS Software Solutions ,EQ,21-Sep-05,1,1,INE512B01022,1
FDC,FDC ,EQ,07-Aug-97,1,1,INE258B01022,1
FEDDERELEC,Fedders Electric and Engineering ,EQ,15-Sep-05,10,1,INE249C01011,10
FEDERALBNK,The Federal Bank  ,EQ,08-Feb-95,2,1,INE171A01029,2
FEL,Future Enterprises ,EQ,05-Nov-01,2,1,INE623B01027,2
FELDVR,Future Enterprises ,EQ,13-Feb-09,2,1,IN9623B01058,2
FIEMIND,Fiem Industries ,EQ,19-Oct-06,10,1,INE737H01014,10
FILATEX,Filatex India ,EQ,29-Aug-11,10,1,INE816B01019,10
FINCABLES,Finolex Cables ,EQ,15-Feb-95,2,1,INE235A01022,2
FINPIPE,Finolex Industries ,EQ,08-Feb-95,10,1,INE183A01016,10
FIRSTWIN,First Winner Industries ,EQ,08-Jul-08,10,1,INE315J01015,10
FLEXITUFF,Flexituff International ,EQ,19-Oct-11,10,1,INE060J01017,10
FLFL,Future Lifestyle Fashions ,EQ,01-Oct-13,2,1,INE452O01016,2
FMGOETZE,Federal-Mogul Goetze (India) .,EQ,08-Feb-95,10,1,INE529A01010,10
FMNL,Future Market Networks ,EQ,31-Dec-10,10,1,INE360L01017,10
FORTIS,Fortis Healthcare ,EQ,09-May-07,10,1,INE061F01013,10
FORTUNEFIN,Fortune Financial Services (India) ,EQ,02-Aug-17,10,1,INE924D01017,10
FOSECOIND,Foseco India ,EQ,05-May-03,10,1,INE519A01011,10
FRETAIL,Future Retail ,EQ,29-Aug-16,2,1,INE752P01024,2
FSC,Future Supply Chain Solutions ,EQ,18-Dec-17,10,1,INE935Q01015,10
FSL,Firstsource Solutions ,EQ,22-Feb-07,10,1,INE684F01012,10
GABRIEL,Gabriel India ,EQ,20-Apr-05,1,1,INE524A01029,1
GAEL,Gujarat Ambuja Exports ,EQ,11-Oct-00,2,1,INE036B01022,2
GAIL,GAIL (India) ,EQ,02-Apr-97,10,1,INE129A01019,10
GAL,Gyscoal Alloys ,BE,27-Oct-10,1,1,INE482J01021,1
GALAXYSURF,Galaxy Surfactants ,EQ,08-Feb-18,10,1,INE600K01018,10
GALLANTT,Gallantt Metal ,BE,04-Apr-06,10,1,INE297H01019,10
GALLISPAT,Gallantt Ispat ,EQ,11-Oct-10,10,1,INE528K01011,10
GAMMNINFRA,Gammon Infrastructure Projects ,EQ,03-Apr-08,2,1,INE181G01025,2
GAMMONIND,Gammon India ,BZ,16-Oct-96,2,1,INE259B01020,2
GANDHITUBE,Gandhi Special Tubes ,EQ,31-Jan-07,5,1,INE524B01027,5
GANECOS,Ganesha Ecosphere ,EQ,09-Mar-15,10,1,INE845D01014,10
GANESHHOUC,Ganesh Housing Corporation ,EQ,02-Mar-07,10,1,INE460C01014,10
GANGESSECU,Ganges Securities ,EQ,28-Jul-17,10,1,INE335W01016,10
GARDENSILK,Garden Silk Mills ,EQ,01-Apr-03,10,1,INE526A01016,10
GARWALLROP,Garware  Wall Ropes ,EQ,03-Apr-07,10,1,INE276A01018,10
GATI,GATI ,EQ,10-Oct-06,2,1,INE152B01027,2
GAYAPROJ,Gayatri Projects ,BE,22-Aug-11,2,1,INE336H01023,2
GDL,Gateway Distriparks ,EQ,31-Mar-05,10,1,INE852F01015,10
GEECEE,GeeCee Ventures ,EQ,04-Oct-06,10,1,INE916G01016,10
GEMINI,Gemini Communication ,BE,18-Jan-07,1,1,INE878C01033,1
GENESYS,Genesys International Corporation ,EQ,23-Jan-03,5,1,INE727B01026,5
GENUSPAPER,Genus Paper & Boards ,EQ,16-Feb-15,1,1,INE949P01018,1
GENUSPOWER,Genus Power Infrastructures ,EQ,08-Jul-05,1,1,INE955D01029,1
GEOJITFSL,Geojit Financial Services ,EQ,01-Jul-05,1,1,INE007B01023,1
GEPIL,GE Power India ,EQ,19-Apr-00,10,1,INE878A01011,10
GESHIP,The Great Eastern Shipping Company ,EQ,27-Nov-06,10,1,INE017A01032,10
GET&D,GE T&D India ,EQ,30-Jun-08,2,1,INE200A01026,2
GHCL,GHCL ,EQ,31-Jul-03,10,1,INE539A01019,10
GICHSGFIN,GIC Housing Finance ,EQ,08-May-96,10,1,INE289B01019,10
GICRE,General Insurance Corporation of India,EQ,25-Oct-17,5,1,INE481Y01014,5
GILLANDERS,Gillanders Arbuthnot & Company ,EQ,14-Dec-09,10,1,INE047B01011,10
GILLETTE,Gillette India ,EQ,30-Jul-03,10,1,INE322A01010,10
GINNIFILA,Ginni Filaments ,EQ,10-May-95,10,1,INE424C01010,10
GIPCL,Gujarat Industries Power Company ,EQ,08-Feb-95,10,1,INE162A01010,10
GISOLUTION,GI Engineering Solutions ,EQ,30-Jan-09,10,1,INE065J01016,10
GITANJALI,Gitanjali Gems ,EQ,10-Mar-06,10,1,INE346H01014,10
GKW,GKW ,EQ,20-Jul-09,10,1,INE528A01020,10
GLAXO,GlaxoSmithKline Pharmaceuticals ,EQ,15-Dec-00,10,1,INE159A01016,10
GLENMARK,Glenmark Pharmaceuticals ,EQ,07-Feb-00,1,1,INE935A01035,1
GLOBALVECT,Global Vectra Helicorp ,EQ,27-Oct-06,10,1,INE792H01019,10
GLOBOFFS,Global Offshore Services ,EQ,03-May-07,10,1,INE446C01013,10
GLOBUSSPR,Globus Spirits ,EQ,23-Sep-09,10,1,INE615I01010,10
GMBREW,GM Breweries ,EQ,23-Aug-95,10,1,INE075D01018,10
GMDCLTD,Gujarat Mineral Development Corporation ,EQ,17-Dec-97,2,1,INE131A01031,2
GMRINFRA,GMR Infrastructure ,EQ,21-Aug-06,1,1,INE776C01039,1
GNA,GNA Axles ,EQ,26-Sep-16,10,1,INE934S01014,10
GNFC,Gujarat Narmada Valley Fertilizers and Chemicals ,EQ,17-May-95,10,1,INE113A01013,10
GOACARBON,Goa Carbon ,EQ,05-Jun-07,10,1,INE426D01013,10
GOCLCORP,GOCL Corporation ,EQ,26-Jun-14,2,1,INE077F01035,2
GODFRYPHLP,Godfrey Phillips India ,EQ,24-Jul-96,2,1,INE260B01028,2
GODREJAGRO,Godrej Agrovet ,EQ,16-Oct-17,10,1,INE850D01014,10
GODREJCP,Godrej Consumer Products ,EQ,20-Jun-01,1,1,INE102D01028,1
GODREJIND,Godrej Industries ,EQ,25-Feb-03,1,1,INE233A01035,1
GODREJPROP,Godrej Properties ,EQ,05-Jan-10,5,1,INE484J01027,5
GOENKA,Goenka Diamond and Jewels ,BZ,16-Apr-10,1,1,INE516K01024,1
GOKEX,Gokaldas Exports ,EQ,27-Apr-05,5,1,INE887G01027,5
GOKUL,Gokul Refoils and Solvent ,EQ,04-Jun-08,2,1,INE020J01029,2
GOKULAGRO,Gokul Agro Resources ,EQ,11-Mar-16,2,1,INE314T01025,2
GOLDIAM,Goldiam International ,EQ,29-Aug-05,10,1,INE025B01017,10
GOLDINFRA,Goldstone Infratech ,EQ,20-Mar-02,4,1,INE260D01016,4
GOLDTECH,Goldstone Technologies ,EQ,11-Apr-01,10,1,INE805A01014,10
GOODLUCK,Goodluck India ,BE,08-Jan-15,2,1,INE127I01024,2
GPIL,Godawari Power And Ispat ,EQ,25-Apr-06,10,1,INE177H01013,10
GPPL,Gujarat Pipavav Port ,EQ,09-Sep-10,10,1,INE517F01014,10
GPTINFRA,GPT Infraprojects ,EQ,11-Jul-16,10,1,INE390G01014,10
GRANULES,Granules India ,EQ,20-Jun-05,1,1,INE101D01020,1
GRAPHITE,Graphite India ,EQ,07-Feb-03,2,1,INE371A01025,2
GRASIM,Grasim Industries ,EQ,10-May-95,2,1,INE047A01021,2
GRAVITA,Gravita India ,EQ,16-Nov-10,2,1,INE024L01027,2
GREAVESCOT,Greaves Cotton ,EQ,09-Sep-04,2,1,INE224A01026,2
GREENLAM,Greenlam Industries ,EQ,02-Mar-15,5,1,INE544R01013,5
GREENPLY,Greenply Industries ,EQ,06-Mar-96,1,1,INE461C01038,1
GREENPOWER,Orient Green Power Company ,EQ,08-Oct-10,10,1,INE999K01014,10
GRINDWELL,Grindwell Norton ,EQ,11-Sep-06,5,1,INE536A01023,5
GROBTEA,The Grob Tea Company ,BE,14-Jul-16,10,1,INE646C01018,10
GRPLTD,GRP ,EQ,12-Feb-15,10,1,INE137I01015,10
GRUH,Gruh Finance ,EQ,10-Sep-04,2,1,INE580B01029,2
GSCLCEMENT,Gujarat Sidhee Cement ,EQ,15-May-13,10,1,INE542A01039,10
GSFC,Gujarat State Fertilizers & Chemicals ,EQ,06-Sep-95,2,1,INE026A01025,2
GSFC,Gujarat State Fertilizers & Chemicals ,IL,06-Sep-95,2,1,INE026A01025,2
GSKCONS,GlaxoSmithKline Consumer Healthcare ,EQ,16-Jun-03,10,1,INE264A01014,10
GSPL,Gujarat State Petronet ,EQ,16-Feb-06,10,1,INE246F01010,10
GSS,GSS Infotech ,EQ,07-Mar-08,10,1,INE871H01011,10
GTL,GTL ,EQ,29-Mar-95,10,1,INE043A01012,10
GTLINFRA,GTL Infrastructure ,EQ,09-Nov-06,10,1,INE221H01019,10
GTNIND,GTN Industries ,EQ,02-Aug-95,10,1,INE537A01013,10
GTNTEX,GTN Textiles ,EQ,18-May-06,10,1,INE302H01017,10
GTPL,GTPL Hathway ,EQ,04-Jul-17,10,1,INE869I01013,10
GUFICBIO,Gufic Biosciences ,EQ,19-Oct-04,1,1,INE742B01025,1
GUJALKALI,Gujarat Alkalies and Chemicals ,EQ,07-Aug-97,10,1,INE186A01019,10
GUJAPOLLO,Gujarat Apollo Industries ,EQ,04-Jun-07,10,1,INE826C01016,10
GUJFLUORO,Gujarat Fluorochemicals ,EQ,25-May-95,1,1,INE538A01037,1
GUJGASLTD,Gujarat Gas ,EQ,15-Sep-15,10,1,INE844O01022,10
GUJNRECOKE,Gujarat NRE Coke ,EQ,02-Aug-04,10,1,INE110D01013,10
GUJNREDVR,Gujarat NRE Coke ,EQ,26-May-10,10,1,IN9110D01011,10
GUJRAFFIA,Gujarat Raffia Industries ,BE,20-Jun-01,10,1,INE610B01024,10
GULFOILLUB,Gulf Oil Lubricants India ,EQ,31-Jul-14,2,1,INE635Q01029,2
GULFPETRO,GP Petroleums ,EQ,24-Sep-04,5,1,INE586G01017,5
GULPOLY,Gulshan Polyols ,EQ,28-Jan-15,1,1,INE255D01024,1
GVKPIL,GVK Power & Infrastructure ,EQ,27-Feb-06,1,1,INE251H01024,1
HANUNG,Hanung Toys and Textiles ,BE,20-Oct-06,10,1,INE648H01013,10
HARITASEAT,Harita Seating Systems ,EQ,06-Apr-09,10,1,INE939D01015,10
HARRMALAYA,Harrisons  Malayalam ,EQ,08-Feb-95,10,1,INE544A01019,10
HATHWAY,Hathway Cable & Datacom ,EQ,25-Feb-10,2,1,INE982F01036,2
HATSUN,Hatsun Agro Product ,EQ,20-Jun-14,1,1,INE473B01035,1
HAVELLS,Havells India ,EQ,21-Mar-01,1,1,INE176B01034,1
HBLPOWER,HBL Power Systems ,EQ,04-Jan-07,1,1,INE292B01021,1
HBSTOCK,HB Stockholdings ,EQ,15-Oct-97,10,1,INE550B01014,10
HCC,Hindustan Construction Company ,EQ,01-Apr-03,1,1,INE549A01026,1
HCG,Healthcare Global Enterprises ,EQ,30-Mar-16,10,1,INE075I01017,10
HCL-INSYS,HCL Infosystems ,EQ,01-Jan-97,2,1,INE236A01020,2
HCLTECH,HCL Technologies ,EQ,06-Jan-00,2,1,INE860A01027,2
HDFC,Housing Development Finance Corporation ,EQ,23-Oct-96,2,1,INE001A01036,2
HDFCBANK,HDFC Bank ,EQ,08-Nov-95,2,1,INE040A01026,2
HDFCBANK,HDFC Bank ,IL,08-Nov-95,2,1,INE040A01026,2
HDFCLIFE,HDFC Standard Life Insurance Company ,EQ,17-Nov-17,10,1,INE795G01014,10
HDIL,Housing Development and Infrastructure ,EQ,24-Jul-07,10,1,INE191I01012,10
HEG,HEG ,EQ,10-May-95,10,1,INE545A01016,10
HEIDELBERG,HeidelbergCement India ,EQ,15-Mar-95,10,1,INE578A01017,10
HERCULES,Hercules Hoists ,EQ,19-Feb-08,1,1,INE688E01024,1
HERITGFOOD,Heritage Foods ,EQ,27-Nov-96,5,1,INE978A01027,5
HEROMOTOCO,Hero MotoCorp ,EQ,11-Apr-03,2,1,INE158A01026,2
HESTERBIO,Hester Biosciences ,EQ,13-Mar-15,10,1,INE782E01017,10
HEXATRADEX,Hexa Tradex ,BE,20-Apr-12,2,1,INE750M01017,2
HEXAWARE,Hexaware Technologies ,EQ,14-Jun-02,2,1,INE093A01033,2
HFCL,Himachal Futuristic Communications ,EQ,09-Mar-11,1,1,INE548A01028,1
HGS,Hinduja Global Solutions ,EQ,19-Jun-07,10,1,INE170I01016,10
HIGHGROUND,High Ground Enterprise ,EQ,24-Nov-16,1,1,INE361M01021,1
HIKAL,Hikal ,EQ,14-Feb-01,2,1,INE475B01022,2
HIL,HIL ,EQ,26-Apr-95,10,1,INE557A01011,10
HILTON,Hilton Metal Forging ,EQ,24-May-07,10,1,INE788H01017,10
HIMATSEIDE,Himatsingka Seide ,EQ,08-Feb-95,5,1,INE049A01027,5
HINDALCO,Hindalco Industries ,EQ,08-Jan-97,1,1,INE038A01020,1
HINDCOMPOS,Hindustan Composites ,EQ,08-May-96,5,1,INE310C01029,5
HINDCOPPER,Hindustan Copper ,EQ,15-Sep-10,5,1,INE531E01026,5
HINDDORROL,Hindustan Dorr-Oliver ,EQ,06-Dec-95,2,1,INE551A01022,2
HINDMOTORS,Hindustan Motors ,BE,21-Feb-11,5,1,INE253A01025,5
HINDNATGLS,Hindusthan National Glass & Industries ,EQ,15-Apr-09,2,1,INE952A01022,2
HINDOILEXP,Hindustan Oil Exploration Company ,EQ,23-Sep-03,10,1,INE345A01011,10
HINDPETRO,Hindustan Petroleum Corporation ,EQ,17-Jun-98,10,1,INE094A01015,10
HINDSYNTEX,Hind Syntex ,BE,12-Apr-00,10,1,INE155B01012,10
HINDUJAVEN,Hinduja Ventures ,EQ,24-Apr-07,10,1,INE353A01023,10
HINDUNILVR,Hindustan Unilever ,EQ,06-Jul-95,1,1,INE030A01027,1
HINDZINC,Hindustan Zinc ,EQ,21-Nov-06,2,1,INE267A01025,2
HIRECT,Hind Rectifiers ,EQ,26-Dec-06,2,1,INE835D01023,2
HISARMETAL,Hisar Metal Industries ,EQ,05-Jan-17,10,1,INE598C01011,10
HITECHCORP,Hitech Corporation ,EQ,20-Dec-07,10,1,INE120D01012,10
HITECHGEAR,The Hi-Tech Gears ,EQ,21-Jan-02,10,1,INE127B01011,10
HMT,HMT ,BZ,29-Aug-03,10,1,INE262A01018,10
HMVL,Hindustan Media Ventures ,EQ,21-Jul-10,10,1,INE871K01015,10
HONAUT,Honeywell Automation India ,EQ,18-Jul-03,10,1,INE671A01010,10
HONDAPOWER,Honda Siel Power Products ,EQ,01-Apr-03,10,1,INE634A01018,10
HOTELEELA,Hotel Leela Venture ,EQ,19-Jul-95,2,1,INE102A01024,2
HOTELRUGBY,Hotel Rugby ,BE,03-Apr-96,10,1,INE275F01019,10
HOVS,HOV Services ,EQ,27-Sep-06,10,1,INE596H01014,10
HPL,HPL Electric & Power ,EQ,04-Oct-16,10,1,INE495S01016,10
HSCL,Himadri Speciality Chemical ,EQ,02-Mar-07,1,1,INE019C01026,1
HSIL,HSIL ,EQ,31-May-00,2,1,INE415A01038,2
HTMEDIA,HT Media ,EQ,01-Sep-05,2,1,INE501G01024,2
HUBTOWN,Hubtown ,EQ,07-Feb-07,10,1,INE703H01016,10
HUDCO,Housing & Urban Development Corporation ,EQ,19-May-17,10,1,INE031A01017,10
IBREALEST,Indiabulls Real Estate ,EQ,23-Mar-07,2,1,INE069I01010,2
IBULHSGFIN,Indiabulls Housing Finance ,EQ,23-Jul-13,2,1,INE148I01020,2
IBVENTURES,Indiabulls Ventures ,EQ,02-Apr-08,2,1,INE274G01010,2
ICICIBANK,ICICI Bank ,EQ,17-Sep-97,2,1,INE090A01021,2
ICICIGI,ICICI Lombard General Insurance Company ,EQ,27-Sep-17,10,1,INE765G01017,10
ICICIPRULI,ICICI Prudential Life Insurance Company ,EQ,29-Sep-16,10,1,INE726G01019,10
ICIL,Indo Count Industries ,EQ,12-Sep-05,2,1,INE483B01026,2
ICRA,ICRA ,EQ,13-Apr-07,10,1,INE725G01011,10
ICSA,ICSA (India) ,BE,28-Sep-06,2,1,INE306B01029,2
IDBI,IDBI Bank ,EQ,20-Sep-95,10,1,INE008A01015,10
IDEA,Idea Cellular ,EQ,09-Mar-07,10,1,INE669E01016,10
IDFC,IDFC ,EQ,12-Aug-05,10,1,INE043D01016,10
IDFCBANK,IDFC Bank ,EQ,06-Nov-15,10,1,INE092T01019,10
IEX,Indian Energy Exchange ,EQ,23-Oct-17,10,1,INE022Q01012,10
IFBAGRO,IFB Agro Industries ,EQ,03-Apr-96,10,1,INE076C01018,10
IFBIND,IFB Industries ,EQ,29-Mar-95,10,1,INE559A01017,10
IFCI,IFCI ,EQ,26-Apr-95,10,1,INE039A01010,10
IFGLEXPOR,IFGL Refractories ,EQ,14-Nov-17,10,1,INE133Y01011,10
IGARASHI,Igarashi Motors India ,EQ,09-Oct-03,10,1,INE188B01013,10
IGL,Indraprastha Gas ,EQ,26-Dec-03,2,1,INE203G01027,2
IGPL,IG Petrochemicals ,EQ,29-Jan-07,10,1,INE204A01010,10
IIFL,IIFL Holdings ,EQ,17-May-05,2,1,INE530B01024,2
IITL,Industrial Investment Trust ,EQ,17-Aug-10,10,1,INE886A01014,10
IL&FSENGG,IL&FS Engineering and Construction Company ,EQ,25-Oct-07,10,1,INE369I01014,10
IL&FSTRANS,IL&FS Transportation Networks ,EQ,30-Mar-10,10,1,INE975G01012,10
IMFA,Indian Metals & Ferro Alloys ,EQ,23-Jul-10,10,1,INE919H01018,10
IMPAL,India Motor Parts and Accessories ,EQ,07-Oct-05,10,1,INE547E01014,10
IMPEXFERRO,Impex Ferro Tech ,EQ,03-Feb-05,10,1,INE691G01015,10
INDBANK,Indbank Merchant Banking Services ,BE,08-Oct-08,10,1,INE841B01017,10
INDHOTEL,The Indian Hotels Company ,EQ,03-Jul-96,1,1,INE053A01029,1
INDIACEM,The India Cements ,EQ,31-May-00,10,1,INE383A01012,10
INDIAGLYCO,India Glycols ,EQ,01-Jul-05,10,1,INE560A01015,10
INDIANB,Indian Bank,EQ,01-Mar-07,10,1,INE562A01011,10
INDIANCARD,Indian Card Clothing Company ,EQ,08-Jan-97,10,1,INE061A01014,10
INDIANHUME,Indian Hume Pipe Company ,EQ,30-Aug-95,2,1,INE323C01030,2
INDIGO,InterGlobe Aviation ,EQ,10-Nov-15,10,1,INE646L01027,10
INDLMETER,IMP Powers ,EQ,10-Jan-96,10,1,INE065B01013,10
INDNIPPON,India Nippon Electricals ,EQ,07-May-97,10,1,INE092B01017,10
INDOCO,Indoco Remedies ,EQ,14-Jan-05,2,1,INE873D01024,2
INDORAMA,Indo Rama Synthetics (India) ,EQ,20-Jun-03,10,1,INE156A01020,10
INDOSOLAR,Indosolar ,BE,29-Sep-10,10,1,INE866K01015,10
INDOTECH,Indo Tech Transformers ,EQ,16-Mar-06,10,1,INE332H01014,10
INDOTHAI,Indo Thai Securities ,EQ,02-Nov-11,10,1,INE337M01013,10
INDOWIND,Indowind Energy ,BE,14-Sep-07,10,1,INE227G01018,10
INDRAMEDCO,Indraprastha Medical Corporation ,EQ,17-Apr-97,10,1,INE681B01017,10
INDSWFTLAB,Ind-Swift Laboratories ,EQ,02-Jul-97,10,1,INE915B01019,10
INDSWFTLTD,Ind-Swift ,EQ,18-Oct-04,2,1,INE788B01028,2
INDTERRAIN,Indian Terrain Fashions ,EQ,11-Mar-11,2,1,INE611L01021,2
INDUSINDBK,IndusInd Bank ,EQ,28-Jan-98,10,1,INE095A01012,10
INEOSSTYRO,INEOS Styrolution India ,EQ,29-Mar-95,10,1,INE189B01011,10
INFIBEAM,Infibeam Incorporation ,EQ,04-Apr-16,1,1,INE483S01020,1
INFINITE,Infinite Computer Solutions (India) ,EQ,03-Feb-10,10,1,INE486J01014,10
INFRATEL,Bharti Infratel ,EQ,28-Dec-12,10,1,INE121J01017,10
INFY,Infosys ,EQ,08-Feb-95,5,1,INE009A01021,5
INGERRAND,Ingersoll Rand (India) ,EQ,15-Apr-99,10,1,INE177A01018,10
INOXLEISUR,INOX Leisure ,EQ,23-Feb-06,10,1,INE312H01016,10
INOXWIND,Inox Wind ,EQ,09-Apr-15,10,1,INE066P01011,10
INSECTICID,Insecticides (India) ,EQ,30-May-07,10,1,INE070I01018,10
INTEGRA,Integra Garments and Textiles ,BE,20-Aug-13,3,1,INE418N01027,3
INTELLECT,Intellect Design Arena ,EQ,18-Dec-14,5,1,INE306R01017,5
INTENTECH,Intense Technologies ,EQ,23-Mar-17,2,1,INE781A01025,2
INVENTURE,Inventure Growth & Securities ,EQ,04-Aug-11,10,1,INE878H01016,10
IOB,Indian Overseas Bank,EQ,07-Dec-00,10,1,INE565A01014,10
IOC,Indian Oil Corporation ,EQ,24-Jul-96,10,1,INE242A01010,10
IOLCP,IOL Chemicals and Pharmaceuticals ,EQ,08-Nov-10,10,1,INE485C01011,10
IPAPPM,International Paper APPM ,EQ,13-May-04,10,1,INE435A01028,10
IPCALAB,IPCA Laboratories ,EQ,08-Feb-95,2,1,INE571A01020,2
IRB,IRB Infrastructure Developers ,EQ,25-Feb-08,10,1,INE821I01014,10
ISFT,Intrasoft Technologies ,EQ,12-Apr-10,10,1,INE566K01011,10
ISMTLTD,ISMT ,EQ,28-Aug-07,5,1,INE732F01019,5
ITC,ITC ,EQ,23-Aug-95,1,1,INE154A01025,1
ITDC,India Tourism Development Corporation ,EQ,30-Dec-16,10,1,INE353K01014,10
ITDCEM,ITD Cementation India ,EQ,10-Feb-99,1,1,INE686A01026,1
ITI,ITI ,EQ,15-Sep-03,10,1,INE248A01017,10
IVC,IL&FS Investment Managers ,EQ,15-Sep-99,2,1,INE050B01023,2
IVP,IVP ,EQ,13-Sep-95,10,1,INE043C01018,10
IVRCLINFRA,IVRCL ,EQ,08-Mar-00,2,1,INE875A01025,2
IZMO,IZMO ,EQ,05-Feb-07,10,1,INE848A01014,10
J&KBANK,The Jammu & Kashmir Bank ,EQ,22-Jul-98,1,1,INE168A01041,1
JAGRAN,Jagran Prakashan ,EQ,22-Feb-06,2,1,INE199G01027,2
JAGSNPHARM,Jagsonpal Pharmaceuticals ,EQ,01-Mar-00,5,1,INE048B01027,5
JAIBALAJI,Jai Balaji Industries ,EQ,09-Dec-03,10,1,INE091G01018,10
JAICORPLTD,Jai Corp ,EQ,26-Nov-97,1,1,INE070D01027,1
JAIHINDPRO,Jaihind Projects ,EQ,29-Feb-12,10,1,INE343D01010,10
JAINSTUDIO,Jain Studios ,BE,14-Jun-00,10,1,INE486B01011,10
JAMNAAUTO,Jamna Auto Industries ,EQ,10-Dec-10,1,1,INE039C01032,1
JAYAGROGN,Jayant Agro Organics ,EQ,17-Apr-96,5,1,INE785A01026,5
JAYBARMARU,Jay Bharat Maruti ,EQ,03-Jan-96,5,1,INE571B01028,5
JAYNECOIND,Jayaswal Neco Industries ,EQ,10-May-95,10,1,INE854B01010,10
JAYSREETEA,Jayshree Tea & Industries ,EQ,15-Feb-95,5,1,INE364A01020,5
JBCHEPHARM,JB Chemicals & Pharmaceuticals ,EQ,29-Apr-03,2,1,INE572A01028,2
JBFIND,JBF Industries ,EQ,25-Feb-04,10,1,INE187A01017,10
JBMA,JBM Auto ,EQ,17-Dec-04,5,1,INE927D01028,5
JCHAC,Johnson Controls – Hitachi Air Conditioning India ,EQ,03-Jan-00,10,1,INE782A01015,10
JENSONICOL,Jenson & Nicholson (India) ,BE,06-Sep-00,2,1,INE819B01021,2
JETAIRWAYS,Jet Airways (India) ,EQ,14-Mar-05,10,1,INE802G01018,10
JHS,JHS Svendgaard Laboratories ,EQ,21-Oct-06,10,1,INE544H01014,10
JINDALPHOT,Jindal Photo ,EQ,07-Apr-05,10,1,INE796G01012,10
JINDALPOLY,Jindal Poly Films ,EQ,21-Jan-02,10,1,INE197D01010,10
JINDALSAW,Jindal Saw ,EQ,29-Apr-03,2,1,INE324A01024,2
JINDALSTEL,Jindal Steel & Power ,EQ,29-Dec-99,1,1,INE749A01030,1
JINDCOT,Jindal Cotex ,BZ,22-Sep-09,10,1,INE904J01016,10
JINDRILL,Jindal Drilling And Industries ,EQ,22-Dec-06,5,1,INE742C01031,5
JINDWORLD,Jindal Worldwide ,EQ,25-Nov-10,5,1,INE247D01021,5
JISLDVREQS,Jain Irrigation Systems ,EQ,30-Nov-11,2,1,IN9175A01010,2
JISLJALEQS,Jain Irrigation Systems ,EQ,13-Aug-01,2,1,INE175A01038,2
JITFINFRA,JITF Infralogistics ,BE,27-Feb-17,2,1,INE863T01013,2
JKCEMENT,JK Cement ,EQ,14-Mar-06,10,1,INE823G01014,10
JKIL,J.Kumar Infraprojects ,EQ,12-Feb-08,5,1,INE576I01022,5
JKLAKSHMI,JK Lakshmi Cement ,EQ,19-Jun-06,5,1,INE786A01032,5
JKPAPER,JK Paper ,EQ,16-Jun-05,10,1,INE789E01012,10
JKTYRE,JK Tyre & Industries ,EQ,19-Mar-07,2,1,INE573A01042,2
JMA,Jullundur Motor Agency (Delhi) ,EQ,16-Mar-15,10,1,INE412C01015,10
JMCPROJECT,JMC Projects (India)  ,EQ,26-Nov-07,10,1,INE890A01016,10
JMFINANCIL,JM Financial ,EQ,10-Oct-06,1,1,INE780C01023,1
JMTAUTOLTD,JMT Auto ,EQ,02-Apr-07,1,1,INE988E01036,1
JOCIL,Jocil ,EQ,08-Oct-08,10,1,INE839G01010,10
JPASSOCIAT,Jaiprakash Associates ,EQ,14-Jun-04,2,1,INE455F01025,2
JPINFRATEC,Jaypee Infratech ,EQ,21-May-10,10,1,INE099J01015,10
JPOLYINVST,Jindal Poly Investment and Finance Company ,EQ,11-Nov-13,10,1,INE147P01019,10
JPPOWER,Jaiprakash Power Ventures ,EQ,18-Apr-05,10,1,INE351F01018,10
JSL,Jindal Stainless ,EQ,17-Nov-03,2,1,INE220G01021,2
JSLHISAR,Jindal Stainless (Hisar) ,EQ,28-Jan-16,2,1,INE455T01018,2
JSWENERGY,JSW Energy ,EQ,04-Jan-10,10,1,INE121E01018,10
JSWHL,JSW Holdings ,EQ,21-Jun-05,10,1,INE824G01012,10
JSWSTEEL,JSW Steel ,EQ,23-Mar-05,1,1,INE019A01038,1
JUBILANT,Jubilant Life Sciences ,EQ,16-Jun-03,1,1,INE700A01033,1
JUBLFOOD,Jubilant Foodworks ,EQ,08-Feb-10,10,1,INE797F01012,10
JUBLINDS,Jubilant Industries ,EQ,14-Feb-11,10,1,INE645L01011,10
JUSTDIAL,Just Dial ,EQ,05-Jun-13,10,1,INE599M01018,10
JVLAGRO,JVL Agro Industries ,EQ,17-Jun-11,1,1,INE430G01026,1
JYOTHYLAB,Jyothy Laboratories ,EQ,19-Dec-07,1,1,INE668F01031,1
JYOTISTRUC,Jyoti Structures ,EQ,19-Jul-95,2,1,INE197A01024,2
KABRAEXTRU,Kabra Extrusion Technik ,EQ,06-Sep-95,5,1,INE900B01029,5
KAJARIACER,Kajaria Ceramics ,EQ,01-Jun-04,1,1,INE217B01036,1
KAKATCEM,Kakatiya Cement Sugar & Industries ,EQ,13-Dec-95,10,1,INE437B01014,10
KALPATPOWR,Kalpataru Power Transmission ,EQ,15-Dec-00,2,1,INE220B01022,2
KALYANI,Kalyani Commercials ,BE,13-Feb-17,10,1,INE610E01010,10
KALYANIFRG,Kalyani Forge ,BE,20-Dec-07,10,1,INE314G01014,10
KAMATHOTEL,Kamat Hotels (I) ,EQ,29-May-96,10,1,INE967C01018,10
KAMDHENU,Kamdhenu ,EQ,09-May-06,10,1,INE390H01012,10
KANANIIND,Kanani Industries ,EQ,14-Dec-11,1,1,INE879E01037,1
KANORICHEM,Kanoria Chemicals & Industries ,EQ,08-Feb-95,5,1,INE138C01024,5
KANSAINER,Kansai Nerolac Paints ,EQ,15-Sep-03,1,1,INE531A01024,1
KARMAENG,Karma Energy ,EQ,28-Jun-11,10,1,INE725L01011,10
KARURVYSYA,Karur Vysya Bank ,EQ,26-Jul-00,2,1,INE036D01028,2
KAUSHALYA,Kaushalya Infrastructure Development Corporation ,EQ,14-Dec-07,10,1,INE234I01010,10
KAVVERITEL,Kavveri Telecom Products ,EQ,29-Jan-08,10,1,INE641C01019,10
KAYA,Kaya ,EQ,14-Aug-15,10,1,INE587G01015,10
KCP,KCP ,EQ,09-Apr-97,1,1,INE805C01028,1
KCPSUGIND,KCP Sugar and Industries Corporation ,EQ,11-Jun-97,1,1,INE790B01024,1
KDDL,KDDL ,BE,23-Mar-16,10,1,INE291D01011,10
KEC,KEC International ,EQ,10-Mar-06,2,1,INE389H01022,2
KECL,Kirloskar Electric Company ,EQ,09-Mar-10,10,1,INE134B01017,10
KEI,KEI Industries ,EQ,23-Mar-06,2,1,INE878B01027,2
KELLTONTEC,Kellton Tech Solutions ,EQ,02-Mar-16,5,1,INE164B01022,5
KERNEX,Kernex Microsystems (India) ,BZ,20-Dec-05,10,1,INE202H01019,10
KESARENT,Kesar Enterprises ,EQ,02-Jan-07,10,1,INE133B01019,10
KESORAMIND,Kesoram Industries ,EQ,06-Sep-95,10,1,INE087A01019,10
KEYCORPSER,Keynote Corporate Services ,EQ,26-Jun-96,10,1,INE681C01015,10
KGL,Karuturi Global ,BE,03-May-07,1,1,INE299C01024,1
KHADIM,Khadim India ,EQ,14-Nov-17,10,1,INE834I01025,10
KHAITANLTD,Khaitan (India) ,BE,24-Jan-01,10,1,INE731C01018,10
KHANDSE,Khandwala Securities ,EQ,07-Feb-01,10,1,INE060B01014,10
KICL,Kalyani Investment Company ,EQ,14-Jan-11,10,1,INE029L01018,10
KILITCH,Kilitch Drugs (India) ,EQ,29-Sep-10,10,1,INE729D01010,10
KINGFA,Kingfa Science & Technology (India) ,BE,15-Nov-16,10,1,INE473D01015,10
KIOCL,KIOCL ,EQ,29-Nov-16,10,1,INE880L01014,10
KIRIINDUS,Kiri Industries ,EQ,22-Apr-08,10,1,INE415I01015,10
KIRLOSBROS,Kirloskar Brothers ,EQ,20-Apr-10,2,1,INE732A01036,2
KIRLOSENG,Kirloskar Oil Engines ,EQ,24-Dec-10,2,1,INE146L01010,2
KIRLOSIND,Kirloskar Industries ,EQ,24-Jun-10,10,1,INE250A01039,10
KITEX,Kitex Garments ,EQ,25-Sep-12,1,1,INE602G01020,1
KKCL,Kewal Kiran Clothing ,EQ,13-Apr-06,10,1,INE401H01017,10
KMSUGAR,K.M.Sugar Mills ,EQ,31-May-07,2,1,INE157H01023,2
KNRCON,KNR Constructions ,EQ,18-Feb-08,2,1,INE634I01029,2
KOHINOOR,Kohinoor Foods ,EQ,20-Oct-99,10,1,INE080B01012,10
KOKUYOCMLN,Kokuyo Camlin ,EQ,28-Jul-08,1,1,INE760A01029,1
KOLTEPATIL,Kolte - Patil Developers ,EQ,13-Dec-07,10,1,INE094I01018,10
KOPRAN,Kopran ,EQ,09-Jun-99,10,1,INE082A01010,10
KOTAKBANK,Kotak Mahindra Bank ,EQ,20-Dec-95,5,1,INE237A01028,5
KOTARISUG,Kothari Sugars And Chemicals ,EQ,13-Dec-04,10,1,INE419A01022,10
KOTHARIPET,Kothari Petrochemicals ,EQ,02-Nov-96,10,1,INE720A01015,10
KOTHARIPRO,Kothari Products ,EQ,03-Jun-98,10,1,INE823A01017,10
KPIT,KPIT Technologies ,EQ,24-Nov-99,2,1,INE836A01035,2
KPRMILL,K.P.R. Mill ,EQ,28-Aug-07,5,1,INE930H01023,5
KRBL,KRBL ,EQ,21-Jan-02,1,1,INE001B01026,1
KREBSBIO,Krebs Biochemicals and Industries ,BE,19-Apr-00,10,1,INE268B01013,10
KRIDHANINF,Kridhan Infra ,EQ,11-Dec-15,2,1,INE524L01026,2
KSBPUMPS,KSB Pumps ,EQ,08-Feb-95,10,1,INE999A01015,10
KSCL,Kaveri Seed Company ,EQ,04-Oct-07,2,1,INE455I01029,2
KSERASERA,KSS ,BE,05-Oct-06,1,1,INE216D01026,1
KSK,KSK Energy Ventures ,BE,14-Jul-08,10,1,INE143H01015,10
KSL,Kalyani Steels ,EQ,19-May-10,5,1,INE907A01026,5
KTIL,Kesar Terminals & Infrastructure ,EQ,22-Dec-10,5,1,INE096L01025,5
KTKBANK,The Karnataka Bank ,EQ,10-May-00,10,1,INE614B01018,10
KWALITY,kwality ,EQ,05-Jul-11,1,1,INE775B01025,1
L&TFH,L&T Finance Holdings ,EQ,12-Aug-11,10,1,INE498L01015,10
LAKPRE,Lakshmi Precision Screws ,EQ,26-Sep-06,10,1,INE651C01018,10
LAKSHMIEFL,Lakshmi Energy and Foods ,EQ,06-Feb-07,2,1,INE992B01026,2
LAKSHVILAS,Lakshmi Vilas Bank ,EQ,21-Jun-00,10,1,INE694C01018,10
LALPATHLAB,Dr. Lal Path Labs Ltd.,EQ,23-Dec-15,10,1,INE600L01024,10
LAMBODHARA,Lambodhara Textiles ,EQ,04-Feb-15,5,1,INE112F01022,5
LAOPALA,La Opala RG ,EQ,16-Mar-07,2,1,INE059D01020,2
LASA,Lasa Supergenerics ,BE,21-Sep-17,10,1,INE670X01014,10
LAURUSLABS,Laurus Labs ,EQ,19-Dec-16,10,1,INE947Q01010,10
LAXMIMACH,Lakshmi Machine Works ,EQ,29-Mar-95,10,1,INE269B01029,10
LCCINFOTEC,LCC Infotech ,BE,02-Mar-00,2,1,INE938A01021,2
LEEL,LEEL Electricals ,EQ,30-Apr-97,10,1,INE245C01019,10
LFIC,Lakshmi Finance & Industrial Corporation ,BE,15-Apr-15,10,1,INE850E01012,10
LGBBROSLTD,LG Balakrishnan & Bros ,EQ,30-Mar-10,10,1,INE337A01034,10
LIBERTSHOE,Liberty Shoes ,EQ,27-Sep-95,10,1,INE557B01019,10
LICHSGFIN,LIC Housing Finance ,EQ,29-Jul-98,2,1,INE115A01026,2
LINCOLN,Lincoln Pharmaceuticals ,EQ,17-Dec-15,10,1,INE405C01035,10
LINCPEN,Linc Pen & Plastics ,EQ,09-Mar-15,10,1,INE802B01019,10
LINDEINDIA,Linde India ,EQ,16-Jun-99,10,1,INE473A01011,10
LITL,Lanco Infratech ,BE,27-Nov-06,1,1,INE785C01048,1
LML,LML ,EQ,15-Mar-95,10,1,INE862A01015,10
LOKESHMACH,Lokesh Machines ,EQ,05-May-06,10,1,INE397H01017,10
LOTUSEYE,Lotus Eye Hospital and Institute ,EQ,11-Jul-08,10,1,INE947I01017,10
LOVABLE,Lovable Lingerie ,EQ,24-Mar-11,10,1,INE597L01014,10
LPDC,Landmark Property Development Company ,EQ,12-Aug-08,1,1,INE197J01017,1
LSIL,Lloyds Steels Industries ,BE,18-Jul-16,1,1,INE093R01011,1
LT,Larsen & Toubro ,EQ,23-Jun-04,2,1,INE018A01030,2
LTI,Larsen & Toubro Infotech ,EQ,21-Jul-16,1,1,INE214T01019,1
LTTS,L&T Technology Services ,EQ,23-Sep-16,2,1,INE010V01017,2
LUMAXIND,Lumax Industries ,EQ,06-Sep-95,10,1,INE162B01018,10
LUMAXTECH,Lumax Auto Technologies ,EQ,16-Jan-07,10,1,INE872H01019,10
LUPIN,Lupin ,EQ,10-Sep-01,2,1,INE326A01037,2
LUXIND,Lux Industries ,EQ,30-Nov-15,2,1,INE150G01020,2
LYCOS,Lycos Internet ,BE,08-May-15,2,1,INE425B01027,2
LYKALABS,Lyka Labs ,EQ,08-Feb-95,10,1,INE933A01014,10
LYPSAGEMS,Lypsa Gems & Jewellery ,EQ,05-Nov-13,10,1,INE142K01011,10
M&M,Mahindra & Mahindra ,EQ,03-Jan-96,5,1,INE101A01026,5
M&MFIN,Mahindra & Mahindra Financial Services ,EQ,17-Mar-06,2,1,INE774D01024,2
MAANALU,Maan Aluminium ,EQ,22-Oct-07,10,1,INE215I01019,10
MADHAV,Madhav Marbles and Granites ,EQ,20-Dec-07,10,1,INE925C01016,10
MADHUCON,Madhucon Projects ,EQ,05-Oct-06,1,1,INE378D01032,1
MADRASFERT,Madras Fertilizers ,EQ,25-Jul-97,10,1,INE414A01015,10
MAGADSUGAR,Magadh Sugar & Energy ,EQ,28-Jul-17,10,1,INE347W01011,10
MAGMA,Magma Fincorp ,EQ,27-Apr-04,2,1,INE511C01022,2
MAGNUM,Magnum Ventures ,EQ,20-Sep-07,10,1,INE387I01016,10
MAHABANK,Bank of Maharashtra,EQ,12-Apr-04,10,1,INE457A01014,10
MAHASTEEL,Mahamaya Steel Industries ,EQ,01-Jul-16,10,1,INE451L01014,10
MAHINDCIE,Mahindra CIE Automotive ,EQ,30-Aug-07,10,1,INE536H01010,10
MAHLIFE,Mahindra Lifespace Developers ,EQ,10-May-00,10,1,INE813A01018,10
MAHLOG,Mahindra Logistics ,EQ,10-Nov-17,10,1,INE766P01016,10
MAHSCOOTER,Maharashtra Scooters ,EQ,08-Feb-95,10,1,INE288A01013,10
MAHSEAMLES,Maharashtra Seamless ,EQ,25-Aug-04,5,1,INE271B01025,5
MAITHANALL,Maithan Alloys ,EQ,05-Jul-11,10,1,INE683C01011,10
MAJESCO,Majesco ,EQ,19-Aug-15,5,1,INE898S01029,5
MALUPAPER,Malu Paper Mills ,EQ,05-Apr-06,10,1,INE383H01017,10
MANAKALUCO,Manaksia Aluminium Company ,EQ,30-Mar-15,1,1,INE859Q01017,1
MANAKCOAT,Manaksia Coated Metals & Industries ,EQ,30-Mar-15,1,1,INE830Q01018,1
MANAKSIA,Manaksia ,EQ,08-Jan-08,2,1,INE015D01022,2
MANAKSTEEL,Manaksia Steels ,EQ,30-Mar-15,1,1,INE824Q01011,1
MANALIPETC,Manali Petrochemicals ,EQ,06-Dec-06,5,1,INE201A01024,5
MANAPPURAM,Manappuram Finance ,EQ,01-Dec-14,2,1,INE522D01027,2
MANDHANA,Mandhana Industries ,EQ,19-May-10,10,1,INE087J01010,10
MANGALAM,Mangalam Drugs And Organics ,EQ,23-May-05,10,1,INE584F01014,10
MANGCHEFER,Mangalore Chemicals & Fertilizers ,EQ,22-Oct-07,10,1,INE558B01017,10
MANGLMCEM,Mangalam Cement ,EQ,03-Jan-96,10,1,INE347A01017,10
MANGTIMBER,Mangalam Timber Products ,EQ,27-Jul-95,10,1,INE805B01012,10
MANINDS,Man Industries (India) ,EQ,24-Jun-05,5,1,INE993A01026,5
MANINFRA,Man Infraconstruction ,EQ,11-Mar-10,2,1,INE949H01023,2
MANPASAND,Manpasand Beverages ,EQ,09-Jul-15,10,1,INE122R01018,10
MANUGRAPH,Manugraph India ,EQ,14-Sep-06,2,1,INE867A01022,2
MARALOVER,Maral Overseas ,EQ,08-Feb-95,10,1,INE882A01013,10
MARATHON,Marathon Nextgen Realty ,EQ,29-Sep-16,10,1,INE182D01012,10
MARICO,Marico ,EQ,01-May-96,1,1,INE196A01026,1
MARKSANS,Marksans Pharma ,EQ,21-Jan-02,1,1,INE750C01026,1
MARUTI,Maruti Suzuki India ,EQ,09-Jul-03,5,1,INE585B01010,5
MASFIN,MAS Financial Services ,EQ,18-Oct-17,10,1,INE348L01012,10
MASKINVEST,Mask Investments ,BE,14-Oct-16,10,1,INE885F01015,10
MASTEK,Mastek ,EQ,10-May-95,5,1,INE759A01021,5
MATRIMONY,Matrimony.Com ,EQ,21-Sep-17,5,1,INE866R01028,5
MAWANASUG,Mawana Sugars ,EQ,20-Mar-09,10,1,INE636A01039,10
MAXINDIA,Max India ,EQ,14-Jul-16,2,1,INE153U01017,2
MAXVIL,Max Ventures and Industries ,EQ,22-Jun-16,10,1,INE154U01015,10
MAYURUNIQ,Mayur Uniquoters Ltd,EQ,25-Sep-12,5,1,INE040D01038,5
MAZDA,Mazda ,EQ,01-Nov-16,10,1,INE885E01034,10
MBECL,Mcnally Bharat Engineering Company ,BE,06-Oct-06,10,1,INE748A01016,10
MBLINFRA,MBL Infrastructures ,EQ,11-Jan-10,10,1,INE912H01013,10
MCDHOLDING,McDowell Holdings ,EQ,30-May-07,10,1,INE836H01014,10
MCDOWELL-N,United Spirits ,EQ,27-Sep-01,10,1,INE854D01016,10
MCLEODRUSS,Mcleod Russel India ,EQ,29-Jul-05,5,1,INE942G01012,5
MCX,Multi Commodity Exchange of India ,EQ,09-Mar-12,10,1,INE745G01035,10
MEGASOFT,Megasoft ,EQ,19-Jul-07,10,1,INE933B01012,10
MEGH,Meghmani Organics ,EQ,28-Jun-07,1,1,INE974H01013,1
MELSTAR,Melstar Information Technologies ,BE,07-Mar-00,10,1,INE817A01019,10
MENONBE,Menon Bearings ,EQ,09-Mar-15,1,1,INE071D01033,1
MEP,MEP Infrastructure Developers ,EQ,06-May-15,10,1,INE776I01010,10
MERCATOR,Mercator ,EQ,20-Jun-05,1,1,INE934B01028,1
MERCK,Merck ,EQ,24-Apr-96,10,1,INE199A01012,10
METALFORGE,Metalyst Forgings ,EQ,23-Aug-95,10,1,INE425A01011,10
METKORE,Metkore Alloys & Industries ,EQ,30-Jun-08,2,1,INE592I01029,2
MFSL,Max Financial Services ,EQ,17-May-00,2,1,INE180A01020,2
MGL,Mahanagar Gas ,EQ,01-Jul-16,10,1,INE002S01010,10
MHRIL,Mahindra Holidays & Resorts India ,EQ,16-Jul-09,10,1,INE998I01010,10
MIC,MIC Electronics ,EQ,30-May-07,2,1,INE287C01029,2
MINDACORP,Minda Corporation ,EQ,16-Oct-14,2,1,INE842C01021,2
MINDAIND,Minda Industries ,EQ,02-Feb-07,2,1,INE405E01023,2
MINDTECK,Mindteck (India) ,EQ,02-Aug-16,10,1,INE110B01017,10
MINDTREE,MindTree ,EQ,07-Mar-07,10,1,INE018I01017,10
MIRCELECTR,MIRC Electronics ,EQ,24-May-04,1,1,INE831A01028,1
MIRZAINT,Mirza International ,EQ,28-Apr-99,2,1,INE771A01026,2
MMFL,MM Forgings ,EQ,20-Dec-06,10,1,INE227C01017,10
MMTC,MMTC ,EQ,09-Apr-12,1,1,INE123F01029,1
MOHITIND,Mohit Industries ,EQ,14-Mar-13,10,1,INE954E01012,10
MOHOTAIND,Mohota Industries ,EQ,10-Apr-96,10,100,INE313D01013,10
MOIL,MOIL ,EQ,15-Dec-10,10,1,INE490G01020,10
MOLDTECH,Mold-Tek Technologies ,EQ,07-Jul-16,2,1,INE835B01035,2
MOLDTKPAC,Mold-Tek Packaging ,EQ,23-Feb-15,5,1,INE893J01029,5
MONNETISPA,Monnet Ispat and Energy ,EQ,14-Jun-04,10,1,INE743C01013,10
MONSANTO,Monsanto India ,EQ,19-Jan-00,10,1,INE274B01011,10
MONTECARLO,Monte Carlo Fashions ,EQ,19-Dec-14,10,1,INE950M01013,10
MORARJEE,Morarjee Textiles ,EQ,14-Sep-12,7,1,INE161G01027,7
MOREPENLAB,Morepen Laboratories ,EQ,24-Nov-99,2,1,INE083A01026,2
MOSERBAER,Moser-Baer (I) ,BE,02-May-03,10,1,INE739A01015,10
MOTHERSUMI,Motherson Sumi Systems ,EQ,14-Aug-96,1,1,INE775A01035,1
MOTILALOFS,Motilal Oswal Financial Services ,EQ,11-Sep-07,1,1,INE338I01027,1
MOTOGENFIN,The Motor & General Finance ,EQ,08-Feb-95,10,1,INE861B01015,10
MPHASIS,MphasiS ,EQ,04-Jun-04,10,1,INE356A01018,10
MPSLTD,MPS ,EQ,21-Jan-02,10,1,INE943D01017,10
MRF,MRF ,EQ,18-Sep-96,10,1,INE883A01011,10
MRO-TEK,MRO-TEK Realty ,BE,01-Nov-00,5,1,INE398B01018,5
MRPL,Mangalore Refinery and Petrochemicals ,EQ,07-Jan-05,10,1,INE103A01014,10
MSPL,MSP Steel & Power ,EQ,18-Jul-05,10,1,INE752G01015,10
MTEDUCARE,MT Educare ,EQ,12-Apr-12,10,1,INE472M01018,10
MTNL,Mahanagar Telephone Nigam ,EQ,17-Feb-99,10,1,INE153A01019,10
MUKANDENGG,Mukand Engineers ,EQ,28-Jun-00,10,1,INE022B01014,10
MUKANDLTD,Mukand ,EQ,23-Feb-04,10,1,INE304A01026,10
MUKTAARTS,Mukta Arts ,EQ,12-Sep-00,5,1,INE374B01019,5
MUNJALAU,Munjal Auto Industries ,EQ,19-Jul-06,2,1,INE672B01032,2
MUNJALSHOW,Munjal Showa ,EQ,12-May-03,2,1,INE577A01027,2
MURUDCERA,Murudeshwar Ceramics ,EQ,28-May-04,10,1,INE692B01014,10
MUTHOOTCAP,Muthoot Capital Services ,EQ,24-Aug-15,10,1,INE296G01013,10
MUTHOOTFIN,Muthoot Finance ,EQ,06-May-11,10,1,INE414G01012,10
MVL,MVL ,BE,30-Jun-08,1,1,INE744I01034,1
NACLIND,NACL Industries ,EQ,07-Apr-17,1,1,INE295D01020,1
NAGAFERT,Nagarjuna Fertilizers and Chemicals ,EQ,15-Jun-16,1,1,INE454M01024,1
NAGAROIL,Nagarjuna Oil Refinery ,EQ,28-Mar-12,1,1,INE453M01018,1
NAGREEKCAP,Nagreeka Capital & Infrastructure ,EQ,18-Sep-07,5,1,INE245I01016,5
NAGREEKEXP,Nagreeka Exports ,EQ,18-Jun-07,5,1,INE123B01028,5
NAHARCAP,Nahar Capital and Financial Services ,EQ,11-Mar-08,5,1,INE049I01012,5
NAHARINDUS,Nahar Industrial Enterprises ,EQ,15-Dec-05,10,1,INE289A01011,10
NAHARPOLY,Nahar Poly Films ,EQ,23-Mar-07,5,1,INE308A01027,5
NAHARSPING,Nahar Spinning Mills ,EQ,23-Mar-07,5,1,INE290A01027,5
NAKODA,Nakoda ,EQ,14-Mar-13,5,1,INE559B01023,5
NATCOPHARM,Natco Pharma ,EQ,27-Dec-95,2,1,INE987B01026,2
NATHBIOGEN,Nath Bio-Genes (India) ,EQ,28-Jan-14,10,1,INE448G01010,10
NATIONALUM,National Aluminium Company ,EQ,28-Apr-99,5,1,INE139A01034,5
NATNLSTEEL,National Steel And Agro Industries ,EQ,26-Sep-02,10,1,INE088B01015,10
NAUKRI,Info Edge (India) ,EQ,21-Nov-06,10,1,INE663F01024,10
NAVINFLUOR,Navin Fluorine International ,EQ,01-Jun-07,2,1,INE048G01026,2
NAVKARCORP,Navkar Corporation ,EQ,09-Sep-15,10,1,INE278M01019,10
NAVNETEDUL,Navneet Education ,EQ,08-Feb-95,2,1,INE060A01024,2
NBCC,NBCC (India) ,EQ,12-Apr-12,2,1,INE095N01023,2
NBIFIN,N. B. I. Industrial Finance Company ,EQ,23-Nov-16,5,1,INE365I01020,5
NBVENTURES,Nava Bharat Ventures ,EQ,03-Apr-96,2,1,INE725A01022,2
NCC,NCC ,EQ,14-Oct-03,2,1,INE868B01028,2
NCLIND,NCL Industries ,EQ,03-Apr-07,10,1,INE732C01016,10
NDGL,Naga Dhunseri Group ,EQ,29-Aug-16,10,1,INE756C01015,10
NDL,Nandan Denim ,EQ,23-Mar-12,10,1,INE875G01030,10
NDTV,New Delhi Television ,EQ,19-May-04,4,1,INE155G01029,4
NECCLTD,North Eastern Carrying Corporation ,EQ,02-Mar-16,10,1,INE553C01016,10
NECLIFE,Nectar Lifesciences ,EQ,18-Jul-05,1,1,INE023H01027,1
NELCAST,Nelcast ,EQ,27-Jun-07,2,1,INE189I01024,2
NELCO,NELCO ,EQ,28-May-03,10,1,INE045B01015,10
NESCO,Nesco ,EQ,08-Apr-08,2,1,INE317F01035,2
NESTLEIND,Nestle India ,EQ,08-Jan-10,10,1,INE239A01016,10
NETWORK18,Network18 Media & Investments ,EQ,02-Feb-07,5,1,INE870H01013,5
NEULANDLAB,Neuland Laboratories ,EQ,13-Oct-08,10,1,INE794A01010,10
NEWGEN,Newgen Software Technologies ,EQ,29-Jan-18,10,1,INE619B01017,10
NEXTMEDIA,Next Mediaworks ,EQ,04-Apr-01,10,1,INE747B01016,10
NFL,National Fertilizers ,EQ,28-Dec-06,10,1,INE870D01012,10
NH,Narayana Hrudayalaya Ltd.,EQ,06-Jan-16,10,1,INE410P01011,10
NHPC,NHPC ,EQ,01-Sep-09,10,1,INE848E01016,10
NIACL,The New India Assurance Company ,EQ,13-Nov-17,5,1,INE470Y01017,5
NIBL,NRB Industrial Bearings ,EQ,09-Apr-13,2,1,INE047O01014,2
NIITLTD,NIIT ,EQ,16-Aug-04,2,1,INE161A01038,2
NIITTECH,NIIT Technologies ,EQ,30-Aug-04,10,1,INE591G01017,10
NILAINFRA,Nila Infrastructures ,EQ,21-May-15,1,1,INE937C01029,1
NILKAMAL,Nilkamal ,EQ,01-Nov-95,10,1,INE310A01015,10
NIPPOBATRY,Indo-National ,EQ,06-Oct-99,10,1,INE567A01010,10
NIRAJISPAT,Niraj Ispat Industries ,BE,27-Oct-16,10,1,INE326T01011,10
NITCO,Nitco ,EQ,21-Mar-06,10,1,INE858F01012,10
NITESHEST,Nitesh Estates ,BE,13-May-10,10,1,INE639K01016,10
NITINFIRE,Nitin Fire Protection Industries ,EQ,05-Jun-07,2,1,INE489H01020,2
NITINSPIN,Nitin Spinners ,EQ,02-Feb-06,10,1,INE229H01012,10
NKIND,NK Industries ,EQ,07-Jul-95,10,1,INE542C01019,10
NLCINDIA,NLC India ,EQ,23-Aug-00,10,1,INE589A01014,10
NMDC,NMDC ,EQ,03-Mar-08,1,1,INE584A01023,1
NOCIL,NOCIL ,EQ,17-Jan-96,10,1,INE163A01018,10
NOIDATOLL,Noida Toll Bridge Company ,EQ,06-Dec-02,10,1,INE781B01015,10
NORBTEAEXP,Norben Tea & Exports ,BE,27-Dec-00,10,1,INE369C01017,10
NRAIL,N R Agarwal Industries ,EQ,05-Apr-17,10,1,INE740D01017,10
NRBBEARING,NRB Bearing ,EQ,08-Mar-00,2,1,INE349A01021,2
NSIL,Nalwa Sons Investments ,EQ,17-Nov-03,10,1,INE023A01030,10
NTL,Neueon Towers ,EQ,11-Sep-13,10,1,INE333I01036,10
NTPC,NTPC ,EQ,05-Nov-04,10,1,INE733E01010,10
NUCLEUS,Nucleus Software Exports ,EQ,19-Dec-02,10,1,INE096B01018,10
NUTEK,Nu Tek India ,EQ,27-Aug-08,5,1,INE318J01027,5
OBEROIRLTY,Oberoi Realty ,EQ,20-Oct-10,10,1,INE093I01010,10
OCCL,Oriental Carbon & Chemicals ,EQ,27-Jan-16,10,1,INE321D01016,10
OCL,OCL India ,EQ,15-Sep-04,2,1,INE290B01025,2
OFSS,Oracle Financial Services Software ,EQ,28-Jun-02,5,1,INE881D01027,5
OIL,Oil India ,EQ,30-Sep-09,10,1,INE274J01014,10
OILCOUNTUB,Oil Country Tubular ,EQ,30-Aug-95,10,1,INE591A01010,10
OISL,OCL Iron and Steel ,EQ,01-Aug-08,1,1,INE196J01019,1
OMAXAUTO,Omax Autos ,BE,20-Feb-03,10,1,INE090B01011,10
OMAXE,Omaxe ,EQ,09-Aug-07,10,1,INE800H01010,10
OMKARCHEM,Omkar Speciality Chemicals ,EQ,10-Feb-11,10,1,INE474L01016,10
OMMETALS,OM Metals Infraprojects ,EQ,17-Jun-11,1,1,INE239D01028,1
ONELIFECAP,Onelife Capital Advisors ,EQ,17-Oct-11,10,1,INE912L01015,10
ONGC,Oil & Natural Gas Corporation ,EQ,19-Jul-95,5,1,INE213A01029,5
ONMOBILE,OnMobile Global ,EQ,19-Feb-08,10,1,INE809I01019,10
ONWARDTEC,Onward Technologies ,EQ,07-Mar-01,10,1,INE229A01017,10
OPTIEMUS,Optiemus Infracom ,BE,08-Aug-17,10,1,INE350C01017,10
OPTOCIRCUI,Opto Circuits (India) ,EQ,25-Aug-03,10,1,INE808B01016,10
ORBTEXP,Orbit Exports ,EQ,05-Nov-13,10,1,INE231G01010,10
ORCHIDPHAR,Orchid Pharma ,BZ,02-Jul-97,10,1,INE191A01019,10
ORICONENT,Oricon Enterprises ,EQ,24-Jul-15,2,1,INE730A01022,2
ORIENTABRA,Orient Abrasives ,EQ,15-Dec-05,1,1,INE569C01020,1
ORIENTALTL,Oriental Trimex ,EQ,07-Mar-07,10,1,INE998H01012,10
ORIENTBANK,Oriental Bank of Commerce,EQ,02-Jul-97,10,1,INE141A01014,10
ORIENTBELL,Orient Bell ,EQ,14-Feb-07,10,1,INE607D01018,10
ORIENTCEM,Orient Cement ,EQ,12-Jul-13,1,1,INE876N01018,1
ORIENTHOT,Oriental Hotels ,EQ,27-Aug-98,1,1,INE750A01020,1
ORIENTLTD,Orient Press ,EQ,03-Mar-10,10,1,INE609C01024,10
ORIENTPPR,Orient Paper & Industries ,EQ,29-Mar-95,1,1,INE592A01026,1
ORIENTREF,Orient Refractories ,EQ,12-Mar-12,1,1,INE743M01012,1
ORISSAMINE,The Orissa Minerals Development Company ,EQ,29-Sep-10,1,1,INE725E01024,1
ORTEL,Ortel Communications ,EQ,19-Mar-15,10,1,INE849L01019,10
ORTINLABSS,Ortin Laboratories ,EQ,21-Aug-15,10,1,INE749B01012,10
OSWALAGRO,Oswal Agro Mills ,BE,29-Mar-95,10,1,INE142A01012,10
PAEL,PAE ,BE,21-Jul-99,10,1,INE766A01018,10
PAGEIND,Page Industries ,EQ,16-Mar-07,10,1,INE761H01022,10
PAISALO,Paisalo Digital ,EQ,17-Oct-11,10,1,INE420C01042,10
PALASHSECU,Palash Securities ,EQ,28-Jul-17,10,1,INE471W01019,10
PALREDTEC,Palred Technologies ,EQ,09-May-16,10,1,INE218G01033,10
PANACEABIO,Panacea Biotec ,EQ,17-Apr-96,1,1,INE922B01023,1
PANAMAPET,Panama Petrochem ,EQ,30-Sep-11,2,1,INE305C01029,2
PANORAMUNI,Panoramic Universal ,EQ,03-Jan-07,5,1,INE194B01029,5
PAPERPROD,Huhtamaki PPL ,EQ,01-Oct-04,2,1,INE275B01026,2
PARABDRUGS,Parabolic Drugs ,EQ,01-Jul-10,10,1,INE618H01016,10
PARACABLES,Paramount Communications ,EQ,03-Jan-07,2,1,INE074B01023,2
PARAGMILK,Parag Milk Foods ,EQ,19-May-16,10,1,INE883N01014,10
PARSVNATH,Parsvnath Developers ,EQ,30-Nov-06,5,1,INE561H01026,5
PATELENG,Patel Engineering ,EQ,24-Feb-05,1,1,INE244B01030,1
PATINTLOG,Patel Integrated Logistics ,EQ,11-Jan-08,10,1,INE529D01014,10
PATSPINLTD,Patspin India ,EQ,10-May-95,10,1,INE790C01014,10
PBAINFRA,PBA Infrastructure ,EQ,24-Nov-05,10,1,INE160H01019,10
PCJEWELLER,PC Jeweller ,EQ,27-Dec-12,10,1,INE785M01013,10
PDMJEPAPER,Pudumjee Paper Products ,EQ,30-Mar-16,1,1,INE865T01018,1
PDPL,Parenteral Drugs (India) ,EQ,19-Aug-10,10,1,INE904D01019,10
PDSMFL,PDS Multinational Fashions ,EQ,21-Oct-14,10,1,INE111Q01013,10
PDUMJEIND,Pudumjee Industries ,EQ,19-Jul-95,2,1,INE105C01023,2
PEARLPOLY,Pearl Polymers ,BE,31-May-00,10,1,INE844A01013,10
PEL,Piramal Enterprises ,EQ,08-Feb-95,2,1,INE140A01024,2
PENIND,Pennar Industries ,EQ,25-Nov-10,5,1,INE932A01024,5
PENINLAND,Peninsula Land ,EQ,08-Feb-95,2,1,INE138A01028,2
PENPEBS,Pennar Engineered Building Systems ,EQ,10-Sep-15,10,1,INE455O01019,10
PERSISTENT,Persistent Systems ,EQ,06-Apr-10,10,1,INE262H01013,10
PETRONENGG,Petron Engineering Construction ,EQ,27-Dec-95,10,1,INE742A01019,10
PETRONET,Petronet LNG ,EQ,26-Mar-04,10,1,INE347G01014,10
PFC,Power Finance Corporation ,EQ,23-Feb-07,10,1,INE134E01011,10
PFIZER,Pfizer ,EQ,28-Apr-99,10,1,INE182A01018,10
PFOCUS,Prime Focus ,EQ,20-Jun-06,1,1,INE367G01038,1
PFS,PTC India Financial Services ,EQ,30-Mar-11,10,1,INE560K01014,10
PGEL,PG Electroplast ,EQ,26-Sep-11,10,1,INE457L01011,10
PGHH,Procter & Gamble Hygiene and Health Care ,EQ,07-Jul-04,10,1,INE179A01014,10
PGIL,Pearl Global Industries ,EQ,15-Feb-07,10,1,INE940H01014,10
PHILIPCARB,Phillips Carbon Black ,EQ,29-Mar-95,10,1,INE602A01015,10
PHOENIXLTD,The Phoenix Mills ,EQ,23-Apr-07,2,1,INE211B01039,2
PIDILITIND,Pidilite Industries ,EQ,29-Mar-95,1,1,INE318A01026,1
PIIND,PI Industries ,EQ,15-Jun-11,1,1,INE603J01030,1
PILANIINVS,Pilani Investment and Industries Corporation ,BE,08-Dec-15,10,1,INE417C01014,10
PILITA,PIL ITALICA LIFESTYLE ,BE,07-Oct-13,1,1,INE600A01035,1
PINCON,Pincon Spirit ,EQ,15-Jun-16,10,1,INE675G01018,10
PIONDIST,Pioneer Distilleries ,EQ,15-Jun-10,10,1,INE889E01010,10
PIONEEREMB,Pioneer Embroideries ,EQ,16-May-06,10,1,INE156C01018,10
PITTILAM,Pitti Laminations ,EQ,02-Feb-07,5,1,INE450D01021,5
PKTEA,The Peria Karamalai Tea & Produce Company ,BE,19-Aug-15,10,1,INE431F01018,10
PLASTIBLEN,Plastiblends India ,EQ,28-Dec-06,5,1,INE083C01022,5
PNB,Punjab National Bank,EQ,24-Apr-02,2,1,INE160A01022,2
PNBGILTS,PNB Gilts ,EQ,18-Sep-00,10,1,INE859A01011,10
PNBHOUSING,PNB Housing Finance ,EQ,07-Nov-16,10,1,INE572E01012,10
PNC,Pritish Nandy Communications ,EQ,11-Dec-00,10,1,INE392B01011,10
PNCINFRA,PNC Infratech ,EQ,26-May-15,2,1,INE195J01029,2
POCHIRAJU,Pochiraju Industries ,BE,09-Feb-07,10,1,INE332G01032,10
PODDARHOUS,Poddar Housing and Development ,EQ,10-Apr-17,10,1,INE888B01018,10
PODDARMENT,Poddar Pigments ,EQ,22-Nov-16,10,1,INE371C01013,10
POKARNA,Pokarna ,EQ,07-Jul-16,2,1,INE637C01025,2
POLARIS,POLARIS CONSULTING & SERVICES ,EQ,24-Nov-99,5,1,INE763A01023,5
POLYMED,Poly Medicure ,EQ,07-Dec-11,5,1,INE205C01021,5
POLYPLEX,Polyplex Corporation ,EQ,11-Apr-03,10,1,INE633B01018,10
PONNIERODE,Ponni Sugars (Erode) ,EQ,16-Apr-02,10,1,INE838E01017,10
POWERGRID,Power Grid Corporation of India ,EQ,05-Oct-07,10,1,INE752E01010,10
POWERMECH,Power Mech Projects ,EQ,26-Aug-15,10,1,INE211R01019,10
PPAP,PPAP Automotive ,EQ,11-Jan-08,10,1,INE095I01015,10
PRABHAT,Prabhat Dairy ,EQ,21-Sep-15,10,1,INE302M01033,10
PRADIP,Pradip Overseas ,BE,05-Apr-10,10,1,INE495J01015,10
PRAENG,Prajay Engineers Syndicate ,EQ,02-Jan-07,10,1,INE505C01016,10
PRAJIND,Praj Industries ,EQ,11-Oct-95,2,1,INE074A01025,2
PRAKASH,Prakash Industries ,EQ,10-May-95,10,1,INE603A01013,10
PRAKASHCON,Prakash Constrowell ,EQ,04-Oct-11,1,1,INE023M01027,1
PRATIBHA,Pratibha Industries ,EQ,16-Mar-06,2,1,INE308H01022,2
PRAXIS,Praxis Home Retail ,BE,31-Jan-18,5,1,INE546Y01022,5
PRECAM,Precision Camshafts ,EQ,08-Feb-16,10,1,INE484I01029,10
PRECOT,Precot Meridian ,EQ,19-Aug-05,10,1,INE283A01014,10
PRECWIRE,Precision Wires India ,EQ,06-Sep-95,5,1,INE372C01029,5
PREMEXPLN,Premier Explosives ,EQ,17-Jun-16,10,1,INE863B01011,10
PREMIER,Premier ,EQ,03-Apr-96,10,1,INE342A01018,10
PREMIERPOL,Premier Polyfilm ,EQ,13-Dec-95,5,1,INE309M01012,5
PRESSMN,Pressman Advertising ,EQ,05-Jan-05,2,1,INE980A01023,2
PRESTIGE,Prestige Estates Projects ,EQ,27-Oct-10,10,1,INE811K01011,10
PRICOLLTD,Pricol ,EQ,10-Feb-17,1,1,INE726V01018,1
PRIMESECU,Prime Securities ,EQ,17-Jun-05,5,1,INE032B01021,5
PRISMCEM,Prism Cement ,EQ,20-Aug-03,10,1,INE010A01011,10
PROVOGE,Provogue (India) ,EQ,26-Mar-12,1,1,INE968G01033,1
PROZONINTU,Prozone Intu Properties ,EQ,12-Sep-12,2,1,INE195N01013,2
PSB,Punjab & Sind Bank,EQ,30-Dec-10,10,1,INE608A01012,10
PSL,PSL ,BE,29-May-03,10,1,INE474B01017,10
PSPPROJECT,PSP Projects ,EQ,29-May-17,10,1,INE488V01015,10
PTC,PTC India ,EQ,07-Apr-04,10,1,INE877F01012,10
PTL,PTL Enterprises ,EQ,29-Jan-07,2,1,INE034D01031,2
PUNJABCHEM,Punjab Chemicals & Crop Protection ,EQ,08-Mar-07,10,1,INE277B01014,10
PUNJLLOYD,Punj Lloyd ,EQ,06-Jan-06,2,1,INE701B01021,2
PURVA,Puravankara ,EQ,30-Aug-07,5,1,INE323I01011,5
PVP,PVP Ventures ,EQ,03-Apr-96,10,1,INE362A01016,10
PVR,PVR ,EQ,04-Jan-06,10,1,INE191H01014,10
QUESS,Quess Corp ,EQ,12-Jul-16,10,1,INE615P01015,10
QUICKHEAL,Quick Heal Technologies ,EQ,18-Feb-16,10,1,INE306L01010,10
QUINTEGRA,Quintegra Solutions ,EQ,20-Dec-00,10,1,INE033B01011,10
RADAAN,Radaan Mediaworks India ,EQ,27-Feb-03,2,1,INE874F01027,2
RADICO,Radico Khaitan ,EQ,18-Jun-03,2,1,INE944F01028,2
RADIOCITY,Music Broadcast ,EQ,17-Mar-17,10,1,INE919I01016,10
RAIN,Rain Industries ,EQ,03-Mar-08,2,1,INE855B01025,2
RAINBOWPAP,Rainbow Papers ,BE,02-Jun-10,2,1,INE028D01025,2
RAJESHEXPO,Rajesh Exports ,EQ,09-Feb-00,1,1,INE343B01030,1
RAJOIL,Raj Oil Mills ,BZ,12-Aug-09,10,1,INE294G01018,10
RAJRAYON,Raj Rayon Industries ,BE,04-Jan-07,1,1,INE533D01024,1
RAJSREESUG,Rajshree Sugars & Chemicals ,EQ,29-Mar-95,10,1,INE562B01019,10
RAJTV,Raj Television Network ,EQ,16-Mar-07,5,1,INE952H01027,5
RAJVIR,Rajvir Industries ,EQ,20-Sep-05,10,1,INE011H01014,10
RALLIS,Rallis India ,EQ,01-Apr-99,1,1,INE613A01020,1
RAMANEWS,Shree Rama Newsprint ,EQ,20-Sep-06,10,1,INE278B01020,10
RAMASTEEL,Rama Steel Tubes ,BE,19-Aug-15,5,1,INE230R01027,5
RAMCOCEM,The Ramco Cements ,EQ,09-Apr-97,1,1,INE331A01037,1
RAMCOIND,Ramco Industries ,EQ,06-Nov-96,1,1,INE614A01028,1
RAMCOSYS,Ramco Systems ,EQ,12-Apr-00,10,1,INE246B01019,10
RAMGOPOLY,Ramgopal Polytex ,BE,30-May-01,10,1,INE410D01017,10
RAMKY,Ramky Infrastructure ,EQ,08-Oct-10,10,1,INE874I01013,10
RAMSARUP,Ramsarup Industries ,BE,09-Jul-07,10,1,INE005D01015,10
RANASUG,Rana Sugars ,EQ,24-Feb-05,10,1,INE625B01014,10
RANEENGINE,Rane Engine Valve ,EQ,24-Jun-08,10,1,INE222J01013,10
RANEHOLDIN,Rane Holdings ,EQ,24-Sep-97,10,1,INE384A01010,10
RATNAMANI,Ratnamani Metals & Tubes ,EQ,09-May-06,2,1,INE703B01027,2
RAYMOND,Raymond ,EQ,18-Oct-95,10,1,INE301A01014,10
RBL,Rane Brake Lining ,EQ,20-Jun-08,10,1,INE244J01017,10
RBLBANK,RBL Bank ,EQ,31-Aug-16,10,1,INE976G01028,10
RCF,Rashtriya Chemicals and Fertilizers ,EQ,07-Jan-98,10,1,INE027A01015,10
RCOM,Reliance Communications ,EQ,06-Mar-06,5,1,INE330H01018,5
RECLTD,Rural Electrification Corporation ,EQ,12-Mar-08,10,1,INE020B01018,10
REDINGTON,Redington (India) ,EQ,15-Feb-07,2,1,INE891D01026,2
REFEX,Refex Industries ,EQ,03-Dec-09,10,1,INE056I01017,10
REGENCERAM,Regency Ceramics ,BE,08-Nov-00,10,1,INE277C01012,10
RELAXO,Relaxo Footwears ,EQ,17-Jun-11,1,1,INE131B01039,1
RELCAPITAL,Reliance Capital ,EQ,29-Nov-95,10,1,INE013A01015,10
RELIANCE,Reliance Industries ,EQ,29-Nov-95,10,1,INE002A01018,10
RELIGARE,Religare Enterprises ,EQ,21-Nov-07,10,1,INE621H01010,10
RELINFRA,Reliance Infrastructure ,EQ,08-Feb-95,10,1,INE036A01016,10
REMSONSIND,Remsons Industries ,EQ,31-Jan-96,10,1,INE474C01015,10
RENUKA,Shree Renuka Sugars ,EQ,31-Oct-05,1,1,INE087H01022,1
REPCOHOME,Repco Home Finance ,EQ,01-Apr-13,10,1,INE612J01015,10
REPRO,Repro India ,EQ,22-Dec-05,10,1,INE461B01014,10
RESPONIND,Responsive Industries ,EQ,29-Oct-10,1,1,INE688D01026,1
REVATHI,Revathi Equipment ,EQ,11-Aug-05,10,1,INE617A01013,10
RHFL,Reliance Home Finance ,EQ,22-Sep-17,10,1,INE217K01011,10
RICOAUTO,Rico Auto Industries ,EQ,12-May-03,1,1,INE209B01025,1
RIIL,Reliance Industrial Infrastructure ,EQ,29-Nov-95,10,1,INE046A01015,10
RJL,Renaissance Jewellery ,EQ,12-Dec-07,10,1,INE722H01016,10
RKDL,Ravi Kumar Distilleries ,EQ,27-Dec-10,10,1,INE722J01012,10
RKFORGE,Ramkrishna Forgings ,EQ,05-May-04,10,1,INE399G01015,10
RMCL,Radha Madhav Corporation ,EQ,26-Nov-07,10,1,INE172H01014,10
RML,Rane (Madras) ,EQ,30-Aug-05,10,1,INE050H01012,10
RNAM,Reliance Nippon Life Asset Management ,EQ,06-Nov-17,10,1,INE298J01013,10
RNAVAL,Reliance Naval and Engineering ,EQ,09-Oct-09,10,1,INE542F01012,10
ROHITFERRO,Rohit Ferro-Tech ,EQ,13-Apr-06,10,1,INE248H01012,10
ROHLTD,Royal Orchid Hotels ,EQ,06-Feb-06,10,1,INE283H01019,10
ROLLT,Rollatainers ,EQ,22-Nov-16,1,1,INE927A01040,1
ROLTA,Rolta India ,EQ,01-Mar-95,10,1,INE293A01013,10
ROSSELLIND,Rossell India ,EQ,25-Sep-12,2,1,INE847C01020,2
RPGLIFE,RPG Life Sciences ,EQ,10-Jun-08,8,1,INE105J01010,8
RPOWER,Reliance Power ,EQ,11-Feb-08,10,1,INE614G01033,10
RPPINFRA,R.P.P. Infra Projects ,EQ,06-Dec-10,10,1,INE324L01013,10
RSSOFTWARE,R. S. Software (India) ,EQ,19-May-99,5,1,INE165B01029,5
RSWM,RSWM ,EQ,15-Feb-95,10,1,INE611A01016,10
RSYSTEMS,R Systems International ,EQ,26-Apr-06,1,1,INE411H01032,1
RTNINFRA,RattanIndia Infrastructure ,EQ,30-Jul-12,2,1,INE834M01019,2
RTNPOWER,RattanIndia Power ,EQ,30-Oct-09,10,1,INE399K01017,10
RUBYMILLS,The Ruby Mills ,EQ,29-Mar-95,5,1,INE301D01026,5
RUCHINFRA,Ruchi Infrastructure ,BE,12-Jul-00,1,1,INE413B01023,1
RUCHIRA,Ruchira Papers ,EQ,20-Dec-06,10,1,INE803H01014,10
RUCHISOYA,Ruchi Soya Industries ,EQ,02-Jan-03,2,1,INE619A01027,2
RUPA,Rupa & Company ,EQ,07-Dec-11,1,1,INE895B01021,1
RUSHIL,Rushil Decor ,EQ,07-Jul-11,10,1,INE573K01017,10
SABEVENTS,Sab Events & Governance Now Media ,BE,15-Sep-16,10,1,INE860T01019,10
SABTN,Sri Adhikari Brothers Television Network ,BE,16-Nov-07,10,1,INE416A01036,10
SADBHAV,Sadbhav Engineering ,EQ,01-Mar-06,1,1,INE226H01026,1
SADBHIN,Sadbhav Infrastructure Project ,EQ,16-Sep-15,10,1,INE764L01010,10
SAGCEM,Sagar Cements ,EQ,29-Jan-07,10,1,INE229C01013,10
SAIL,Steel Authority of India ,EQ,06-Jul-95,10,1,INE114A01011,10
SAKHTISUG,Sakthi Sugars ,EQ,06-Sep-95,10,1,INE623A01011,10
SAKSOFT,Saksoft ,EQ,09-May-05,10,1,INE667G01015,10
SAKUMA,Sakuma Exports ,EQ,08-Mar-06,10,1,INE190H01016,10
SALASAR,Salasar Techno Engineering ,EQ,25-Jul-17,10,1,INE170V01019,10
SALONA,Salona Cotspin ,EQ,16-Jun-16,10,1,INE498E01010,10
SALORAINTL,Salora International ,EQ,15-Feb-95,10,1,INE924A01013,10
SALSTEEL,S.A.L. Steel ,EQ,24-Nov-04,10,1,INE658G01014,10
SALZERELEC,Salzer Electronics ,EQ,02-Dec-15,10,1,INE457F01013,10
SAMBHAAV,Sambhaav Media ,EQ,05-Jun-96,1,1,INE699B01027,1
SAMTEL,Samtel Color ,BZ,23-Feb-05,10,1,INE381A01016,10
SANCO,Sanco Industries ,EQ,22-Nov-16,10,1,INE782L01012,10
SANDESH,The Sandesh ,EQ,26-Nov-02,10,1,INE583B01015,10
SANGAMIND,Sangam (India) ,EQ,17-Jul-96,10,1,INE495C01010,10
SANGHIIND,Sanghi Industries ,EQ,10-May-95,10,1,INE999B01013,10
SANGHVIFOR,Sanghvi Forging and Engineering ,EQ,23-May-11,10,1,INE263L01013,10
SANGHVIMOV,Sanghvi Movers ,EQ,24-Jan-07,2,1,INE989A01024,2
SANOFI,Sanofi India ,EQ,19-May-03,10,1,INE058A01010,10
SANWARIA,Sanwaria Consumer ,EQ,27-Mar-06,1,1,INE890C01046,1
SARDAEN,Sarda Energy & Minerals ,EQ,03-Dec-09,10,1,INE385C01013,10
SAREGAMA,Saregama India ,EQ,30-Jul-97,10,1,INE979A01017,10
SARLAPOLY,Sarla Performance Fibers ,EQ,19-Jan-07,1,1,INE453D01025,1
SASKEN,Sasken Technologies ,EQ,09-Sep-05,10,1,INE231F01020,10
SASTASUNDR,Sastasundar Ventures ,EQ,05-Oct-10,10,1,INE019J01013,10
SATHAISPAT,Sathavahana Ispat ,EQ,27-Dec-06,10,1,INE176C01016,10
SATIN,Satin Creditcare Network ,EQ,26-Aug-15,10,1,INE836B01017,10
SBILIFE,SBI Life Insurance Company ,EQ,03-Oct-17,10,1,INE123W01016,10
SBIN,State Bank of India,EQ,01-Mar-95,1,1,INE062A01020,1
SCAPDVR,Stampede Capital ,BE,10-Oct-17,1,1,INE224E01036,1
SCHAEFFLER,Schaeffler India ,EQ,29-Nov-00,10,1,INE513A01014,10
SCHAND,S Chand And Company ,EQ,09-May-17,5,1,INE807K01035,5
SCHNEIDER,Schneider Electric Infrastructure ,EQ,20-Mar-12,2,1,INE839M01018,2
SCI,Shipping Corporation Of India ,EQ,13-Aug-97,10,1,INE109A01011,10
SDBL,Som Distilleries & Breweries ,EQ,18-Mar-14,10,1,INE480C01012,10
SEAMECLTD,Seamec ,EQ,28-Jun-95,10,1,INE497B01018,10
SELAN,Selan Exploration Technology ,EQ,26-Sep-06,10,1,INE818A01017,10
SELMCL,SEL Manufacturing Company ,EQ,21-Aug-07,10,1,INE105I01012,10
SEPOWER,S.E. Power ,EQ,27-Jul-12,10,1,INE735M01018,10
SEQUENT,Sequent Scientific ,EQ,10-Mar-16,2,1,INE807F01027,2
SERVALL,Servalakshmi Paper ,BZ,12-May-11,10,1,INE431L01016,10
SESHAPAPER,Seshasayee Paper and Boards ,EQ,29-Mar-95,10,1,INE630A01016,10
SETCO,Setco Automotive ,EQ,01-Jul-16,2,1,INE878E01021,2
SEZAL,Sezal Glass ,BZ,22-Nov-11,10,1,INE955I01036,10
SFL,Sheela Foam ,EQ,09-Dec-16,5,1,INE916U01025,5
SGFL,Shree Ganesh Forgings ,BE,22-May-07,10,1,INE883G01018,10
SGL,STL Global ,EQ,10-Apr-06,10,1,INE353H01010,10
SHAHALLOYS,Shah Alloys ,EQ,16-Jun-05,10,1,INE640C01011,10
SHAKTIPUMP,Shakti Pumps (India) ,EQ,29-Jan-15,10,1,INE908D01010,10
SHALBY,Shalby ,EQ,15-Dec-17,10,1,INE597J01018,10
SHALPAINTS,Shalimar Paints ,EQ,03-Mar-08,2,1,INE849C01026,2
SHANKARA,Shankara Building Products ,EQ,05-Apr-17,10,1,INE274V01019,10
SHANTIGEAR,Shanthi Gears ,EQ,17-Jan-96,1,1,INE631A01022,1
SHARDACROP,Sharda Cropchem ,EQ,23-Sep-14,10,1,INE221J01015,10
SHARDAMOTR,Sharda Motor Industries ,EQ,03-Sep-15,10,1,INE597I01010,10
SHARONBIO,Sharon Bio-Medicine ,BZ,07-Dec-11,2,1,INE028B01029,2
SHEMAROO,Shemaroo Entertainment ,EQ,01-Oct-14,10,1,INE363M01019,10
SHILPAMED,Shilpa Medicare ,EQ,03-Dec-09,1,1,INE790G01031,1
SHILPI,Shilpi Cable Technologies ,BZ,08-Apr-11,10,1,INE510K01019,10
SHIRPUR-G,Shirpur Gold Refinery ,EQ,21-Mar-01,10,1,INE196B01016,10
SHIVAMAUTO,Shivam Autotech ,EQ,21-Nov-06,2,1,INE637H01024,2
SHIVATEX,Shiva Texyarn ,EQ,26-Dec-17,10,1,INE705C01020,10
SHK,S H Kelkar and Company ,EQ,16-Nov-15,10,1,INE500L01026,10
SHOPERSTOP,Shoppers Stop ,EQ,23-May-05,5,1,INE498B01024,5
SHREECEM,SHREE CEMENT ,EQ,26-Apr-95,10,1,INE070A01015,10
SHREEPUSHK,Shree Pushkar Chemicals & Fertilisers ,EQ,10-Sep-15,10,1,INE712K01011,10
SHREERAMA,Shree Rama Multi-Tech ,EQ,13-Mar-00,5,1,INE879A01019,5
SHREYANIND,Shreyans Industries ,EQ,06-Nov-96,10,1,INE231C01019,10
SHREYAS,Shreyas Shipping & Logistics ,EQ,01-Mar-95,10,1,INE757B01015,10
SHRIPISTON,Shriram Pistons & Rings ,BE,02-Jun-16,10,1,INE526E01018,10
SHRIRAMCIT,Shriram City Union Finance ,EQ,04-Apr-05,10,1,INE722A01011,10
SHRIRAMEPC,Shriram EPC ,EQ,20-Feb-08,10,1,INE964H01014,10
SHYAMCENT,Shyam Century Ferrous ,EQ,28-Jul-15,1,1,INE979R01011,1
SICAGEN,Sicagen India ,EQ,21-Aug-08,10,1,INE176J01011,10
SICAL,Sical Logistics ,EQ,28-Apr-99,10,1,INE075B01012,10
SIEMENS,Siemens ,EQ,06-Sep-95,2,1,INE003A01024,2
SIGNET,Signet Industries ,EQ,13-Mar-15,1,1,INE529F01027,1
SIL,Standard Industries ,BE,27-Jan-04,5,1,INE173A01025,5
SILINV,SIL Investments ,EQ,22-May-96,10,1,INE923A01015,10
SIMBHALS,Simbhaoli Sugars ,EQ,14-Mar-16,10,1,INE748T01016,10
SIMPLEX,Simplex Projects ,EQ,03-Aug-07,10,1,INE898F01018,10
SIMPLEXINF,Simplex Infrastructures ,EQ,09-Mar-04,2,1,INE059B01024,2
SINTEX,Sintex Industries ,EQ,05-Nov-98,1,1,INE429C01035,1
SIS,Security and Intelligence Services (India) ,EQ,10-Aug-17,10,1,INE285J01010,10
SITASHREE,Sita Shree Food Products ,EQ,07-Apr-08,10,1,INE686I01011,10
SITINET,Siti Networks ,EQ,10-Jan-07,1,1,INE965H01011,1
SIYSIL,Siyaram Silk Mills ,EQ,29-Jan-07,2,1,INE076B01028,2
SJVN,SJVN ,EQ,20-May-10,10,1,INE002L01015,10
SKFINDIA,SKF India ,EQ,27-Jan-99,10,1,INE640A01023,10
SKIL,SKIL Infrastructure ,BE,07-Feb-08,10,1,INE429F01012,10
SKIPPER,Skipper ,EQ,27-May-15,1,1,INE439E01022,1
SKMEGGPROD,SKM Egg Products Export (India) ,EQ,14-Mar-97,10,1,INE411D01015,10
SMARTLINK,Smartlink Network Systems ,EQ,11-Apr-01,2,1,INE178C01020,2
SMLISUZU,SML Isuzu ,EQ,29-Aug-03,10,1,INE294B01019,10
SMPL,Splendid Metal Products ,EQ,09-Mar-10,5,1,INE215G01021,5
SMSLIFE,SMS Lifesciences India ,EQ,17-Aug-17,10,1,INE320X01016,10
SMSPHARMA,SMS Pharmaceuticals ,EQ,28-Feb-07,1,1,INE812G01025,1
SNOWMAN,Snowman Logistics ,EQ,12-Sep-14,10,1,INE734N01019,10
SOBHA,Sobha ,EQ,20-Dec-06,10,1,INE671H01015,10
SOLARINDS,Solar Industries India ,EQ,03-Apr-06,2,1,INE343H01029,2
SOMANYCERA,Somany Ceramics ,EQ,22-Nov-95,2,1,INE355A01028,2
SOMATEX,Soma Textiles & Industries ,EQ,14-Aug-96,10,1,INE314C01013,10
SOMICONVEY,Somi Conveyor Beltings ,EQ,18-Jul-16,10,1,INE323J01019,10
SONASTEER,Sona Koyo Steering Systems ,EQ,12-Jan-04,1,1,INE643A01035,1
SONATSOFTW,Sonata Software ,EQ,28-Jul-99,1,1,INE269A01021,1
SORILHOLD,SORIL Holdings and Ventures ,EQ,18-Aug-11,2,1,INE126M01010,2
SORILINFRA,SORIL Infra Resources ,EQ,06-Dec-05,10,1,INE034H01016,10
SOTL,Savita Oil Technologies ,EQ,28-Jun-95,10,1,INE035D01012,10
SOUTHBANK,The South Indian Bank ,EQ,08-Dec-98,1,1,INE683A01023,1
SPAL,S. P. Apparels ,EQ,12-Aug-16,10,1,INE212I01016,10
SPARC,Sun Pharma Advanced Research Company ,EQ,18-Jul-07,1,1,INE232I01014,1
SPECIALITY,Speciality Restaurants ,EQ,30-May-12,10,1,INE247M01014,10
SPENTEX,Spentex Industries ,BE,20-Dec-06,10,1,INE376C01020,10
SPHEREGSL,Sphere Global Services ,EQ,13-Aug-97,10,1,INE737B01033,10
SPIC,Southern Petrochemicals Industries Corporation  ,EQ,10-Jan-96,10,1,INE147A01011,10
SPICEMOBI,Spice Mobility ,EQ,27-May-08,3,1,INE927C01020,3
SPLIL,SPL Industries ,EQ,26-Jul-05,10,1,INE978G01016,10
SPMLINFRA,SPML Infra ,EQ,14-Feb-96,2,1,INE937A01023,2
SPTL,Sintex Plastics Technology ,EQ,08-Aug-17,1,1,INE501W01021,1
SPYL,Shekhawati Poly-Yarn ,EQ,12-Jan-11,1,1,INE268L01020,1
SQSBFSI,SQS India BFSI ,EQ,26-Oct-09,10,1,INE201K01015,10
SREEL,Sreeleathers ,EQ,01-Jan-14,10,1,INE099F01013,10
SREINFRA,SREI Infrastructure Finance ,EQ,20-Dec-95,10,1,INE872A01014,10
SRF,SRF ,EQ,18-Aug-03,10,1,INE647A01010,10
SRHHYPOLTD,Sree Rayalaseema Hi-Strength Hypo ,EQ,08-May-07,10,1,INE917H01012,10
SRIPIPES,Srikalahasthi Pipes ,EQ,28-Aug-07,10,1,INE943C01027,10
SRSLTD,SRS ,EQ,16-Sep-11,10,1,INE219H01039,10
SRTRANSFIN,Shriram Transport Finance Company ,EQ,11-Dec-96,10,1,INE721A01013,10
SSWL,Steel Strips Wheels ,EQ,06-Jun-05,10,1,INE802C01017,10
STAMPEDE,Stampede Capital ,BE,25-Jul-16,1,1,INE224E01028,1
STAR,Strides Shasun ,EQ,02-Feb-00,10,1,INE939A01011,10
STARCEMENT,Star Cement ,EQ,16-Jun-17,1,1,INE460H01021,1
STARPAPER,Star Paper Mills ,EQ,13-Sep-95,10,1,INE733A01018,10
STCINDIA,The State Trading Corporation of India ,EQ,01-Apr-03,10,1,INE655A01013,10
STEELXIND,STEEL EXCHANGE INDIA ,EQ,20-Jul-17,10,1,INE503B01013,10
STEL,Stel Holdings ,EQ,09-Feb-11,10,1,INE577L01016,10
STERLINBIO,Sterling Biotech ,EQ,12-May-03,1,1,INE324C01038,1
STERTOOLS,Sterling Tools ,EQ,02-Feb-06,2,1,INE334A01023,2
STINDIA,STI India ,EQ,06-Dec-95,10,1,INE090C01019,10
STRTECH,Sterlite Technologies ,EQ,08-Dec-00,2,1,INE089C01029,2
SUBEX,Subex ,EQ,05-Sep-03,10,1,INE754A01014,10
SUBROS,Subros ,EQ,13-Jul-05,2,1,INE287B01021,2
SUDARSCHEM,Sudarshan Chemical Industries ,EQ,25-May-95,2,1,INE659A01023,2
SUJANAUNI,Sujana Universal Industries ,BE,19-Feb-08,10,1,INE216G01011,10
SUMEETINDS,Sumeet Industries ,EQ,10-Dec-10,10,1,INE235C01010,10
SUMMITSEC,Summit Securities ,EQ,28-Jan-11,10,1,INE519C01017,10
SUNCLAYLTD,Sundaram Clayton ,EQ,23-Oct-12,5,1,INE105A01035,5
SUNDARAM,Sundaram Multi Pap ,EQ,02-Jun-10,1,1,INE108E01023,1
SUNDARMFIN,Sundaram Finance ,BE,12-Apr-00,10,1,INE660A01013,10
SUNDRMBRAK,Sundaram Brake Linings ,EQ,17-Jul-96,10,1,INE073D01013,10
SUNDRMFAST,Sundram Fasteners ,EQ,07-Jun-00,1,1,INE387A01021,1
SUNFLAG,Sunflag Iron And Steel Company ,EQ,29-Sep-05,10,1,INE947A01014,10
SUNILHITEC,Sunil Hitech Engineers ,EQ,02-Mar-06,1,1,INE305H01028,1
SUNPHARMA,Sun Pharmaceutical Industries ,EQ,08-Feb-95,1,1,INE044A01036,1
SUNTECK,Sunteck Realty ,EQ,13-Nov-09,1,1,INE805D01034,1
SUNTV,Sun TV Network ,EQ,24-Apr-06,5,1,INE424H01027,5
SUPERHOUSE,Superhouse ,EQ,26-Sep-14,10,1,INE712B01010,10
SUPERSPIN,Super Spinning Mills ,EQ,08-Jul-04,1,1,INE662A01027,1
SUPPETRO,Supreme Petrochem ,EQ,13-Oct-99,10,1,INE663A01017,10
SUPRAJIT,Suprajit Engineering ,EQ,18-Feb-05,1,1,INE399C01030,1
SUPREMEIND,Supreme Industries ,EQ,19-Jul-95,2,1,INE195A01028,2
SUPREMEINF,Supreme Infrastructure India ,EQ,18-Oct-07,10,1,INE550H01011,10
SUPREMETEX,Supreme Tex Mart ,EQ,14-Mar-07,5,1,INE651G01027,5
SURANACORP,Surana Corporation ,BE,27-May-08,10,1,INE357D01010,10
SURANAIND,Surana Industries ,EQ,28-Dec-06,10,1,INE659D01019,10
SURANASOL,Surana Solar ,EQ,07-Jan-11,5,1,INE272L01022,5
SURANAT&P,Surana Telecom and Power ,EQ,22-May-02,1,1,INE130B01031,1
SURYALAXMI,Suryalakshmi Cotton Mills ,EQ,15-Jun-05,10,1,INE713B01026,10
SURYAROSNI,Surya Roshni ,EQ,10-May-95,10,1,INE335A01012,10
SUTLEJTEX,Sutlej Textiles and Industries ,EQ,14-Dec-06,1,1,INE645H01027,1
SUVEN,Suven Life Sciences ,EQ,23-Oct-03,1,1,INE495B01038,1
SUZLON,Suzlon Energy ,EQ,19-Oct-05,2,1,INE040H01021,2
SWANENERGY,Swan Energy ,EQ,29-May-12,1,1,INE665A01038,1
SWARAJENG,Swaraj Engines ,EQ,06-Dec-95,10,1,INE277A01016,10
SWELECTES,Swelect Energy Systems ,EQ,09-May-06,10,1,INE409B01013,10
SYMPHONY,Symphony ,EQ,15-Jun-11,2,1,INE225D01027,2
SYNCOM,Syncom Healthcare ,EQ,15-Feb-10,10,1,INE602K01014,10
SYNDIBANK,Syndicate Bank,EQ,22-Dec-99,10,1,INE667A01018,10
SYNGENE,Syngene International ,EQ,11-Aug-15,10,1,INE398R01022,10
TAINWALCHM,Tainwala Chemical and Plastic (I) ,EQ,27-Jul-95,10,1,INE123C01018,10
TAJGVK,Taj GVK Hotels & Resorts ,EQ,20-Dec-00,2,1,INE586B01026,2
TAKE,Take Solutions ,EQ,27-Aug-07,1,1,INE142I01023,1
TALBROAUTO,Talbros Automotive Components ,EQ,29-Sep-06,10,1,INE187D01011,10
TALWALKARS,Talwalkars Better Value Fitness ,EQ,10-May-10,10,1,INE502K01016,10
TANLA,Tanla Solutions ,EQ,05-Jan-07,1,1,INE483C01032,1
TANTIACONS,Tantia Constructions ,BE,19-Feb-08,10,1,INE388G01018,10
TARAJEWELS,Tara Jewels ,EQ,06-Dec-12,10,1,INE799L01016,10
TARAPUR,Tarapur Transformers ,EQ,18-May-10,10,1,INE747K01017,10
TARMAT,Tarmat ,EQ,09-Jul-07,10,1,INE924H01018,10
TASTYBITE,Tasty Bite Eatables ,EQ,23-Mar-17,10,1,INE488B01017,10
TATACHEM,Tata Chemicals ,EQ,01-Apr-99,10,1,INE092A01019,10
TATACHEM,Tata Chemicals ,IL,01-Apr-99,10,1,INE344201012,10
TATACOFFEE,Tata Coffee ,EQ,16-Feb-00,1,1,INE493A01027,1
TATACOMM,Tata Communications ,EQ,12-Apr-95,10,1,INE151A01013,10
TATAELXSI,Tata Elxsi ,EQ,17-Sep-03,10,1,INE670A01012,10
TATAGLOBAL,Tata Global Beverages ,EQ,18-Nov-98,1,1,INE192A01025,1
TATAINVEST,Tata Investment Corporation ,EQ,24-Jun-98,10,1,INE672A01018,10
TATAMETALI,Tata Metaliks ,EQ,27-May-03,10,1,INE056C01010,10
TATAMOTORS,Tata Motors ,EQ,22-Jul-98,2,1,INE155A01022,2
TATAMTRDVR,Tata Motors ,EQ,05-Nov-08,2,1,IN9155A01020,2
TATAPOWER,Tata Power Company ,EQ,03-Apr-96,1,1,INE245A01021,1
TATASPONGE,Tata Sponge Iron ,EQ,24-Feb-03,10,1,INE674A01014,10
TATASTEEL,Tata Steel ,EQ,18-Nov-98,10,1,INE081A01012,10
TBZ,Tribhovandas Bhimji Zaveri ,EQ,09-May-12,10,1,INE760L01018,10
TCI,Transport Corporation of India ,EQ,21-Jan-02,2,1,INE688A01022,2
TCIDEVELOP,TCI Developers ,EQ,19-Apr-11,10,1,INE662L01016,10
TCIEXP,TCI Express ,EQ,15-Dec-16,2,1,INE586V01016,2
TCIFINANCE,TCI Finance ,EQ,21-May-97,10,1,INE911B01018,10
TCPLPACK,TCPL Packaging ,EQ,17-Oct-17,10,1,INE822C01015,10
TCS,Tata Consultancy Services ,EQ,25-Aug-04,1,1,INE467B01029,1
TDPOWERSYS,TD Power Systems ,EQ,08-Sep-11,10,1,INE419M01019,10
TEAMLEASE,Teamlease Services ,EQ,12-Feb-16,10,1,INE985S01024,10
TEAMLEASE,Teamlease Services ,IL,12-Feb-16,10,1,INE985S01024,10
TECHIN,Techindia Nirman ,EQ,08-Sep-11,10,1,INE778A01021,10
TECHM,Tech Mahindra ,EQ,28-Aug-06,5,1,INE669C01036,5
TECHNO,Techno Electric & Engineering Company ,EQ,10-Nov-10,2,1,INE286K01024,2
TECHNOFAB,Technofab Engineering ,EQ,16-Jul-10,10,1,INE509K01011,10
TEJASNET,Tejas Networks ,EQ,27-Jun-17,10,1,INE010J01012,10
TERASOFT,Tera Software ,EQ,29-Dec-16,10,1,INE482B01010,10
TEXINFRA,Texmaco Infrastructure & Holdings ,EQ,09-Sep-04,1,1,INE435C01024,1
TEXMOPIPES,Texmo Pipes and Products ,EQ,10-Mar-10,10,1,INE141K01013,10
TEXRAIL,Texmaco Rail & Engineering ,EQ,03-Mar-11,1,1,INE621L01012,1
TFCILTD,Tourism Finance Corporation of India ,EQ,26-Jul-00,10,1,INE305A01015,10
TFL,Transwarranty Finance ,EQ,26-Feb-07,10,1,INE804H01012,10
TGBHOTELS,TGB Banquets And Hotels ,EQ,17-May-07,10,1,INE797H01018,10
THANGAMAYL,Thangamayil Jewellery ,EQ,19-Feb-10,10,1,INE085J01014,10
THEMISMED,Themis Medicare ,EQ,02-Apr-07,10,1,INE083B01016,10
THERMAX,Thermax ,EQ,30-Aug-95,2,1,INE152A01029,2
THIRUSUGAR,Thiru Arooran Sugars ,EQ,02-May-95,10,1,INE409A01015,10
THOMASCOOK,Thomas Cook  (India)  ,EQ,07-Jun-00,1,1,INE332A01027,1
THOMASCOTT,Thomas Scott (India) ,BE,30-Jan-12,10,1,INE480M01011,10
THYROCARE,Thyrocare Technologies ,EQ,09-May-16,10,1,INE594H01019,10
TI,Tilaknagar Industries ,EQ,16-Jul-10,10,1,INE133E01013,10
TIDEWATER,Tide Water Oil Company (India) ,EQ,16-Jan-07,5,1,INE484C01022,5
TIFIN,TI Financial Holdings ,EQ,25-Sep-17,1,1,INE149A01033,1
TIIL,Technocraft Industries (India) ,EQ,12-Feb-07,10,1,INE545H01011,10
TIINDIA,Tube Investments of India ,EQ,02-Nov-17,1,1,INE974X01010,1
TIJARIA,Tijaria Polypipes ,BE,14-Oct-11,10,1,INE440L01017,10
TIL,TIL ,EQ,27-Sep-95,10,1,INE806C01018,10
TIMESGTY,Times Guaranty ,EQ,11-Jun-02,10,1,INE289C01025,10
TIMETECHNO,Time Technoplast ,EQ,13-Jun-07,1,1,INE508G01029,1
TIMKEN,Timken India ,EQ,06-Feb-07,10,1,INE325A01013,10
TINPLATE,The Tinplate Company of India ,EQ,27-Jan-06,10,1,INE422C01014,10
TIPSINDLTD,TIPS Industries ,EQ,10-Nov-00,10,1,INE716B01011,10
TIRUMALCHM,Thirumalai Chemicals ,EQ,14-May-03,10,1,INE338A01016,10
TITAN,Titan Company ,EQ,24-Sep-04,1,1,INE280A01028,1
TMRVL,The Mandhana Retail Ventures ,EQ,14-Dec-16,10,1,INE759V01019,10
TNPETRO,Tamilnadu PetroProducts ,EQ,27-Oct-99,10,1,INE148A01019,10
TNPL,Tamil Nadu Newsprint & Papers ,EQ,14-Feb-96,10,1,INE107A01015,10
TNTELE,Tamilnadu Telecommunication ,BE,04-Feb-03,10,1,INE141D01018,10
TODAYS,Todays Writing Instruments ,EQ,08-Oct-01,10,1,INE944B01019,10
TOKYOPLAST,Tokyo Plast International ,EQ,11-Oct-95,10,1,INE932C01012,10
TORNTPHARM,Torrent Pharmaceuticals ,EQ,25-Nov-02,5,1,INE685A01028,5
TORNTPOWER,Torrent Power ,EQ,28-Nov-06,10,1,INE813H01021,10
TPLPLASTEH,TPL Plastech ,EQ,20-May-15,10,1,INE413G01014,10
TREEHOUSE,Tree House Education & Accessories ,EQ,26-Aug-11,10,1,INE040M01013,10
TRENT,Trent ,EQ,07-Jun-04,1,1,INE849A01020,1
TRENT,Trent ,IL,07-Jun-04,1,1,INE849A01020,1
TRF,TRF ,EQ,26-Mar-10,10,1,INE391D01019,10
TRIDENT,Trident ,EQ,21-Feb-01,10,1,INE064C01014,10
TRIGYN,Trigyn Technologies ,EQ,09-Apr-98,10,1,INE948A01012,10
TRIL,Transformers And Rectifiers (India) ,EQ,28-Dec-07,1,1,INE763I01026,1
TRITURBINE,Triveni Turbine ,EQ,28-Oct-11,1,1,INE152M01016,1
TRIVENI,Triveni Engineering & Industries ,EQ,13-Dec-05,1,1,INE256C01024,1
TTKHLTCARE,TTK Healthcare ,EQ,02-Dec-15,10,1,INE910C01018,10
TTKPRESTIG,TTK Prestige ,EQ,22-Dec-99,10,1,INE690A01010,10
TTL,T T ,EQ,22-Feb-07,10,1,INE592B01016,10
TTML,Tata Teleservices (Maharashtra) ,EQ,20-Oct-00,10,1,INE517B01013,10
TULSI,Tulsi Extrusions ,EQ,25-Feb-08,10,1,INE474I01012,10
TV18BRDCST,TV18 Broadcast ,EQ,08-Feb-07,2,1,INE886H01027,2
TVSELECT,TVS Electronics ,EQ,26-Dec-03,10,1,INE236G01019,10
TVSMOTOR,TVS Motor Company ,EQ,02-Aug-00,1,1,INE494B01023,1
TVSSRICHAK,TVS Srichakra ,EQ,13-Feb-07,10,1,INE421C01016,10
TVTODAY,TV Today Network ,EQ,16-Jan-04,5,1,INE038F01029,5
TVVISION,TV Vision ,EQ,15-Sep-16,10,1,INE871L01013,10
TWL,Titagarh Wagons ,EQ,21-Apr-08,2,1,INE615H01020,2
UBL,United Breweries ,EQ,28-Jul-08,1,1,INE686F01025,1
UCALFUEL,Ucal Fuel Systems ,EQ,13-Sep-95,10,1,INE139B01016,10
UCOBANK,UCO Bank,EQ,09-Oct-03,10,1,INE691A01018,10
UFLEX,UFLEX ,EQ,23-Aug-95,10,1,INE516A01017,10
UFO,UFO Moviez India ,EQ,14-May-15,10,1,INE527H01019,10
UGARSUGAR,The Ugar Sugar Works ,EQ,23-Aug-10,1,1,INE071E01023,1
UJAAS,Ujaas Energy ,EQ,20-Oct-11,1,1,INE899L01022,1
UJJIVAN,Ujjivan Financial Services ,EQ,10-May-16,10,1,INE334L01012,10
UJJIVAN,Ujjivan Financial Services ,IL,10-May-16,10,1,INE334L01012,10
ULTRACEMCO,UltraTech Cement ,EQ,24-Aug-04,10,1,INE481G01011,10
UMANGDAIRY,Umang Dairies ,EQ,02-Dec-15,5,1,INE864B01027,5
UMESLTD,Usha Martin Education & Solutions ,EQ,12-Jul-10,1,1,INE240C01028,1
UNICHEMLAB,Unichem Laboratories ,EQ,07-Feb-01,2,1,INE351A01035,2
UNIENTER,Uniphos Enterprises ,EQ,23-Jan-04,2,1,INE037A01022,2
UNIONBANK,Union Bank of India,EQ,24-Sep-02,10,1,INE692A01016,10
UNIPLY,Uniply Industries ,EQ,08-Mar-07,10,1,INE950G01015,10
UNITECH,Unitech ,EQ,08-Sep-99,2,1,INE694A01020,2
UNITEDBNK,United Bank of India,EQ,18-Mar-10,10,1,INE695A01019,10
UNITEDTEA,The United Nilgiri Tea Estates Company ,EQ,28-Jan-15,10,1,INE458F01011,10
UNITY,Unity Infraprojects ,EQ,12-Jun-06,2,1,INE466H01028,2
UNIVCABLES,Universal Cables ,EQ,17-May-95,10,1,INE279A01012,10
UPL,UPL ,EQ,23-Jan-04,2,1,INE628A01036,2
URJA,Urja Global ,BE,28-Mar-17,1,1,INE550C01020,1
USHAMART,Usha Martin ,EQ,11-Oct-00,1,1,INE228A01035,1
USHERAGRO,Usher Agro ,EQ,30-Jul-10,10,1,INE235G01011,10
UTTAMSTL,Uttam Galva Steels ,BE,30-Jun-00,10,1,INE699A01011,10
UTTAMSUGAR,Uttam Sugar Mills ,EQ,10-Apr-06,10,1,INE786F01031,10
UVSL,Uttam Value Steels ,EQ,24-Jun-16,1,1,INE292A01023,1
V2RETAIL,V2 Retail ,EQ,04-Jul-07,10,1,INE945H01013,10
VADILALIND,Vadilal Industries ,EQ,15-Jun-11,10,1,INE694D01016,10
VAIBHAVGBL,Vaibhav Global ,EQ,05-Apr-04,10,1,INE884A01019,10
VAKRANGEE,Vakrangee ,EQ,03-Apr-06,1,1,INE051B01021,1
VALUEIND,Value Industries ,BZ,31-Jul-96,10,1,INE352A01017,10
VARDHACRLC,Vardhman Acrylics ,EQ,30-Sep-03,10,1,INE116G01013,10
VARDMNPOLY,Vardhman Polytex ,EQ,12-May-03,10,1,INE835A01011,10
VASCONEQ,Vascon Engineers ,EQ,15-Feb-10,10,1,INE893I01013,10
VASWANI,Vaswani Industries ,EQ,20-Sep-11,10,1,INE590L01019,10
VBL,Varun Beverages ,EQ,08-Nov-16,10,1,INE200M01013,10
VEDL,Vedanta ,EQ,13-May-98,1,1,INE205A01025,1
VENKEYS,Venky's (India) ,EQ,28-Jul-03,10,1,INE398A01010,10
VENUSREM,Venus Remedies ,EQ,20-Dec-06,10,1,INE411B01019,10
VESUVIUS,Vesuvius India ,EQ,04-Oct-02,10,1,INE386A01015,10
VETO,Veto Switchgears And Cables ,EQ,29-Apr-15,10,1,INE918N01018,10
VGUARD,V-Guard Industries ,EQ,13-Mar-08,1,1,INE951I01027,1
VHL,Vardhman Holdings ,EQ,30-Jun-05,10,1,INE701A01023,10
VICEROY,Viceroy Hotels ,EQ,21-Aug-07,10,1,INE048C01017,10
VIDEOIND,Videocon Industries ,EQ,31-Jul-96,10,1,INE703A01011,10
VIDHIING,Vidhi Specialty Food Ingredients ,EQ,02-Mar-16,1,1,INE632C01026,1
VIJAYABANK,Vijaya Bank,EQ,10-Jan-01,10,1,INE705A01016,10
VIJIFIN,Viji Finance ,BE,11-Jul-16,1,1,INE159N01027,1
VIJSHAN,Vijay Shanthi Builders ,EQ,21-May-08,10,1,INE806F01011,10
VIKASECO,Vikas EcoTech ,EQ,12-Dec-11,1,1,INE806A01020,1
VIMALOIL,Vimal Oil & Foods ,BE,21-May-13,10,1,INE067D01015,10
VIMTALABS,Vimta Labs ,BE,15-Dec-05,2,1,INE579C01029,2
VINATIORGA,Vinati Organics ,EQ,28-Jul-09,2,1,INE410B01029,2
VINDHYATEL,Vindhya Telelinks ,EQ,08-Feb-95,10,1,INE707A01012,10
VINYLINDIA,Vinyl Chemicals (India) ,EQ,21-Jul-08,1,1,INE250B01029,1
VIPCLOTHNG,VIP Clothing ,EQ,06-Aug-07,2,1,INE450G01024,2
VIPIND,VIP Industries ,EQ,02-Mar-05,2,1,INE054A01027,2
VIPULLTD,Vipul ,EQ,23-Apr-15,1,1,INE946H01037,1
VISAKAIND,Visaka Industries ,EQ,28-Aug-96,10,1,INE392A01013,10
VISASTEEL,Visa Steel ,EQ,17-Mar-06,10,1,INE286H01012,10
VISESHINFO,Visesh Infotecnics ,BE,14-Jan-00,1,1,INE861A01058,1
VISHNU,Vishnu Chemicals ,EQ,05-Mar-15,10,1,INE270I01014,10
VIVIDHA,Visagar Polytex ,EQ,21-May-13,1,1,INE370E01029,1
VIVIMEDLAB,Vivimed Labs ,EQ,17-Aug-05,2,1,INE526G01021,2
VLSFINANCE,VLS Finance ,EQ,25-May-95,10,1,INE709A01018,10
VMART,V-Mart Retail ,EQ,20-Feb-13,10,1,INE665J01013,10
VOLTAMP,Voltamp Transformers ,EQ,20-Sep-06,10,1,INE540H01012,10
VOLTAMP,Voltamp Transformers ,IL,20-Sep-06,10,1,INE540H01012,10
VOLTAS,Voltas ,EQ,12-Apr-95,1,1,INE226A01021,1
VRLLOG,VRL Logistics ,EQ,30-Apr-15,10,1,INE366I01010,10
VSSL,Vardhman Special Steels ,EQ,17-May-12,10,1,INE050M01012,10
VSTIND,VST Industries ,EQ,05-Sep-03,10,1,INE710A01016,10
VSTTILLERS,V.S.T Tillers Tractors ,EQ,20-Jun-11,10,1,INE764D01017,10
VTL,Vardhman Textiles ,EQ,14-Jan-03,10,1,INE825A01012,10
WABAG,VA Tech Wabag ,EQ,13-Oct-10,2,1,INE956G01038,2
WABCOINDIA,WABCO India ,EQ,01-Oct-08,5,1,INE342J01019,5
WALCHANNAG,Walchandnagar Industries ,EQ,18-Sep-96,2,1,INE711A01022,2
WANBURY,Wanbury ,BE,29-Jan-07,10,1,INE107F01022,10
WEBELSOLAR,Websol Energy System ,EQ,15-May-07,10,1,INE855C01015,10
WEIZFOREX,Weizmann Forex ,EQ,28-Jun-11,10,1,INE726L01019,10
WEIZMANIND,Weizmann ,EQ,10-May-95,10,1,INE080A01014,10
WELCORP,Welspun Corp ,EQ,24-May-05,5,1,INE191B01025,5
WELENT,Welspun Enterprises ,EQ,04-Nov-04,10,1,INE625G01013,10
WELINV,Welspun Investments and Commercials ,EQ,20-Sep-10,10,1,INE389K01018,10
WELSPUNIND,Welspun India ,EQ,04-Dec-03,1,1,INE192B01031,1
WENDT,Wendt (India) ,EQ,07-Aug-06,10,1,INE274C01019,10
WHEELS,Wheels India ,EQ,07-Apr-00,10,1,INE715A01015,10
WHIRLPOOL,Whirlpool of India ,EQ,06-Apr-10,10,1,INE716A01013,10
WILLAMAGOR,Williamson Magor & Company ,BE,02-Sep-98,10,1,INE210A01017,10
WINDMACHIN,Windsor Machines ,EQ,17-Aug-11,2,1,INE052A01021,2
WINSOME,Winsome Yarns ,EQ,25-Aug-11,10,1,INE784B01035,10
WIPL,The Western India Plywoods ,BE,17-Apr-17,10,1,INE215F01023,10
WIPRO,Wipro ,EQ,08-Nov-95,2,1,INE075A01022,2
WOCKPHARMA,Wockhardt ,EQ,23-Feb-00,5,1,INE049B01025,5
WONDERLA,Wonderla Holidays ,EQ,09-May-14,10,1,INE066O01014,10
WSI,W S Industries (I) ,EQ,01-Aug-07,10,1,INE100D01014,10
WSTCSTPAPR,West Coast Paper Mills ,EQ,17-Jan-01,2,1,INE976A01021,2
XCHANGING,Xchanging Solutions ,EQ,09-Mar-05,10,1,INE692G01013,10
XLENERGY,XL Energy ,EQ,28-Dec-06,10,1,INE183H01011,10
XPROINDIA,Xpro India ,EQ,27-Apr-04,10,1,INE445C01015,10
YESBANK,Yes Bank ,EQ,12-Jul-05,2,1,INE528G01027,2
ZANDUREALT,Zandu Realty ,EQ,03-Feb-99,100,1,INE719A01017,100
ZEEL,Zee Entertainment Enterprises ,EQ,09-Sep-98,1,1,INE256A01028,1
ZEELEARN,Zee Learn ,EQ,20-Dec-10,1,1,INE565L01011,1
ZEEMEDIA,Zee Media Corporation ,EQ,10-Jan-07,1,1,INE966H01019,1
ZENITHBIR,Zenith Birla (India) ,BE,30-Apr-07,10,1,INE318D01020,10
ZENITHEXPO,Zenith Exports ,EQ,10-Jul-96,10,1,INE058B01018,10
ZENSARTECH,Zensar Technologies ,EQ,09-Jul-03,10,1,INE520A01019,10
ZENTEC,Zen Technologies ,EQ,30-Mar-15,1,1,INE251B01027,1
ZICOM,Zicom Electronic Security Systems ,EQ,18-Apr-06,10,1,INE871B01014,10
ZODIACLOTH,Zodiac Clothing Company ,EQ,27-Sep-95,10,1,INE206B01013,10
ZODJRDMKJ,Zodiac JRD- MKJ ,EQ,19-Jul-95,10,1,INE077B01018,10
ZUARI,Zuari Agro Chemicals ,EQ,27-Nov-12,10,1,INE840M01016,10
ZUARIGLOB,Zuari Global ,EQ,12-Apr-95,10,1,INE217A01012,10
ZYDUSWELL,Zydus Wellness ,EQ,13-Nov-09,10,1,INE768C01010,10
ZYLOG,Zylog Systems ,EQ,17-Aug-07,5,1,INE225I01026,5
